Module  Core    CPU     Avg_MHz Busy%   Bzy_MHz TSC_MHz IPC          IRQ             NMI        SMI     LLCMRPS LLC%hit L2MRPS  L2%hit  POLL%   C1E%    C6%     C10%    CPU%c1  CPU%c6  CPU%c7  CoreTmp CoreThr PkgTmp  GFX%rc6      GFXMHz  GFXAMHz SAM%mc6 SAMMHz  SAMAMHz Totl%C0 Any%C0  GFX%C0  CPUGFX% Pkg%pc2 Pkg%pc3 Pkg%pc6 Pkg%pc8 Pk%pc10 CPU%LPI SYS%LPI PkgWatt CorWatt GFXWatt RAMWatt PKG_%   RAM_%   UncMHz  Die%c6  SysWatt



  -       -       120     3.80    3150    2995    1.30        7798               0        0       45      66.69   130     61.57   0.39    17.07   8.59    70.68   58.12   37.67   4.09    58      0       58      99.78800     400     99.88   100     450     493.82  99.83   0.01    0.01    0.00    0.00    0.00    0.00    0.00    0.00    0.00    13.71   9.04    0.00    0.00    0.00    0.00    3100    0.00    22.33

0x20    0x10    0       83      2.77    2989    2995    0.93         599               0        0       2       67.57   6       66.50   0.09    4.58    14.25   78.47   91.36   0.00    0.00    57      0       58      99.78800     400     99.88   100     450     493.86  99.84   0.01    0.01    0.00    0.00    0.00    0.00    0.00    0.00    0.00    13.71   9.04    0.00    0.00    0.00    0.00    3100    0.000x20    0x10    5       203     5.89    3443    2995    1.96         538               0        0       5       66.41   14      59.34   0.04    6.01    14.13   74.04   91.350x10    0x8     1       311     8.26    3764    2995    1.77         726               0        0       9       65.90   23      57.84   0.17    43.22   12.22   36.43   91.00   0.00    0.00    58      00x10    0x8     2       12      0.30    4045    2995    0.63           5               0        0       0       34.53   1       52.25   0.00    0.05    0.00    99.65   91.000x18    0xc     3       168     4.97    3376    2995    0.60         833               0        0       4       68.46   10      55.72   0.08    10.53   35.00   49.62   69.30   2.11    20.10   53      00x18    0xc     4       133     3.44    3868    2995    2.59         114               0        0       3       68.62   9       56.94   0.17    1.44    1.01    94.13   69.300x28    0x14    6       207     5.52    3759    2995    1.49         371               0        0       6       68.33   13      51.74   0.21    19.96   7.14    67.47   52.25   1.52    37.15   51      00x28    0x14    7       141     3.52    4000    2995    2.44          72               0        0       4       67.44   10      55.51   0.10    1.26    0.13    95.11   52.250x0     0x0     8       171     6.51    2626    2995    0.94        1060               0        0       2       65.73   9       70.63   0.78    44.07   20.67   29.13   91.91   1.35    0.00    53      00x0     0x1     9       217     7.60    2857    2995    0.76         943               0        0       3       61.11   10      67.31   1.32    48.78   11.67   32.35   87.42   4.67    0.00    53      00x0     0x2     10      148     5.63    2635    2995    0.58         785               0        0       1       68.10   6       80.84   1.65    47.99   20.46   26.32   93.68   0.46    0.00    53      00x0     0x3     11      164     6.21    2636    2995    0.69        1176               0        0       1       72.81   7       82.47   1.41    53.84   10.40   30.05   92.75   0.78    0.00    53      00x8     0x4     12      71      2.87    2455    2995    0.57         337               0        0       1       82.56   4       70.50   0.79    12.18   6.06    79.01   39.72   56.45   0.00    52      00x8     0x5     13      102     3.69    2759    2995    0.97         168               0        0       3       61.73   6       50.64   0.19    10.73   0.77    84.88   28.34   67.39   0.00    52      00x8     0x6     14      13      0.64    2035    2995    0.57          29               0        0       0       67.86   1       52.94   0.00    1.82    0.13    97.43   1.85    96.90   0.00    52      00x8     0x7     15      7       0.39    1937    2995    0.41          26               0        0       0       72.09   1       62.26   0.00    0.71    0.52    98.40   2.65    96.41   0.00    52      00x40    0x20    16      1       0.04    1536    2995    0.43          11               0        0       0       57.34   0       49.57   0.00    0.00    0.00    99.96   0.00    99.79   0.00    55      00x40    0x21    17      3       0.15    2006    2995    1.28           5               0        0       0       51.94   0       45.07   0.00    0.10    0.08    99.67   0.11    99.56   0.00    55      0Module  Core    CPU     Avg_MHz Busy%   Bzy_MHz TSC_MHz IPC          IRQ             NMI        SMI     LLCMRPS LLC%hit L2MRPS  L2%hit  POLL%   C1E%    C6%     C10%    CPU%c1  CPU%c6  CPU%c7  CoreTmp CoreThr PkgTmp  GFX%rc6      GFXMHz  GFXAMHz SAM%mc6 SAMMHz  SAMAMHz Totl%C0 Any%C0  GFX%C0  CPUGFX% Pkg%pc2 Pkg%pc3 Pkg%pc6 Pkg%pc8 Pk%pc10 CPU%LPI SYS%LPI PkgWatt CorWatt GFXWatt RAMWatt PKG_%   RAM_%   UncMHz  Die%c6  SysWatt



  -       -       122     3.82    3178    2995    1.25        8267               0        0       47      65.29   133     60.55   0.40    18.46   10.99   66.85   58.38   39.01   3.04    55      0       56      99.83800     550     99.73   100     450     480.81  99.81   0.01    0.01    0.00    0.00    0.00    0.00    0.00    0.00    0.00    14.03   9.27    0.00    0.00    0.00    0.00    3100    0.00    22.70

0x20    0x10    0       92      3.09    2989    2995    0.85        1181               0        0       2       61.33   6       61.48   0.00    9.47    61.53   26.06   87.92   0.00    0.00    55      0       56      99.87800     550     99.77   100     450     480.94  99.84   0.01    0.01    0.00    0.00    0.00    0.00    0.00    0.00    0.00    14.04   9.28    0.00    0.00    0.00    0.00    3100    0.000x20    0x10    5       352     9.00    3907    2995    1.87         632               0        0       10      64.91   26      54.83   0.50    38.85   13.87   38.39   87.890x10    0x8     1       255     6.77    3770    2995    1.40         534               0        0       7       63.65   19      55.43   0.37    59.86   6.78    26.73   90.53   0.00    0.00    55      00x10    0x8     2       83      2.36    3527    2995    0.99         281               0        0       2       51.62   5       60.47   0.00    2.41    5.29    89.97   90.530x18    0xc     3       190     5.60    3390    2995    0.69         635               0        0       5       68.10   12      57.81   0.00    5.28    16.86   72.35   77.85   2.09    10.91   53      00x18    0xc     4       134     3.47    3851    2995    2.66         151               0        0       3       68.03   9       56.28   0.09    1.06    0.91    94.58   77.850x28    0x14    6       150     4.38    3431    2995    0.65         467               0        0       4       74.36   8       49.81   0.43    30.38   7.51    57.84   57.21   2.99    31.68   54      00x28    0x14    7       143     3.57    4005    2995    2.57          92               0        0       4       64.50   10      56.32   0.00    2.44    0.40    93.61   57.210x0     0x0     8       203     6.98    2909    2995    1.09         896               0        0       3       65.29   9       69.44   1.35    36.93   11.09   45.31   75.93   16.67   0.00    53      00x0     0x1     9       182     6.57    2764    2995    0.76         738               0        0       2       60.18   8       70.06   1.71    33.40   18.23   42.12   91.78   1.40    0.00    53      00x0     0x2     10      139     5.45    2549    2995    0.60         725               0        0       1       65.18   6       74.85   1.02    37.36   15.76   41.77   78.74   15.18   0.00    53      00x0     0x3     11      133     4.99    2674    2995    0.61         850               0        0       1       70.07   6       76.99   1.30    43.93   8.70    42.72   76.34   18.28   0.00    54      00x8     0x4     12      61      2.71    2252    2995    0.72         550               0        0       1       74.46   3       75.15   0.27    17.06   12.27   68.15   47.60   49.11   0.00    52      00x8     0x5     13      21      1.52    1397    2995    0.79         336               0        0       0       74.99   2       83.55   0.00    6.14    16.88   75.61   41.71   56.15   0.00    52      00x8     0x6     14      8       0.41    1987    2995    0.75          36               0        0       0       53.12   1       63.22   0.00    1.92    0.06    97.63   1.94    97.11   0.00    51      00x8     0x7     15      20      1.01    1978    2995    0.58         128               0        0       0       70.97   1       75.39   0.13    4.20    0.80    94.06   6.49    91.80   0.00    51      00x40    0x20    16      18      0.80    2269    2995    0.28          32               0        0       1       56.09   1       51.01   0.06    1.62    0.73    96.87   3.24    95.73   0.00    55      00x40    0x21    17      4       0.17    2114    2995    1.17           3               0        0       0       55.20   0       48.52   0.00    0.00    0.16    99.67   0.00    99.64   0.00    55      0Module  Core    CPU     Avg_MHz Busy%   Bzy_MHz TSC_MHz IPC          IRQ             NMI        SMI     LLCMRPS LLC%hit L2MRPS  L2%hit  POLL%   C1E%    C6%     C10%    CPU%c1  CPU%c6  CPU%c7  CoreTmp CoreThr PkgTmp  GFX%rc6      GFXMHz  GFXAMHz SAM%mc6 SAMMHz  SAMAMHz Totl%C0 Any%C0  GFX%C0  CPUGFX% Pkg%pc2 Pkg%pc3 Pkg%pc6 Pkg%pc8 Pk%pc10 CPU%LPI SYS%LPI PkgWatt CorWatt GFXWatt RAMWatt PKG_%   RAM_%   UncMHz  Die%c6  SysWatt



  -       -       128     4.12    3117    2995    1.19        8349               1        0       47      66.20   136     61.60   0.54    16.96   10.97   68.10   54.15   37.11   6.82    56      0       56      97.99800     550     99.88   100     450     501.45  99.88   1.46    1.46    0.00    0.00    0.00    0.00    0.00    0.00    0.00    13.79   9.01    0.05    0.00    0.00    0.00    3100    0.00    22.45

0x20    0x10    0       84      3.01    2785    2995    0.97        1006               0        0       2       71.55   6       64.90   0.00    8.96    43.62   44.53   89.85   0.00    0.00    55      0       56      97.95800     550     99.84   100     450     501.27  99.84   1.46    1.46    0.00    0.00    0.00    0.00    0.00    0.00    0.00    13.79   9.00    0.05    0.00    0.00    0.00    3100    0.000x20    0x10    5       273     7.15    3812    2995    1.52         515               0        0       7       66.19   19      58.45   0.25    17.55   13.66   61.71   89.880x10    0x8     1       346     9.02    3831    2995    1.39         666               0        0       12      63.75   28      53.52   0.09    37.25   16.40   37.43   87.77   0.00    0.00    55      00x10    0x8     2       114     3.39    3378    2995    0.76         510               0        0       3       64.04   7       61.63   0.00    2.45    11.87   82.36   87.770x18    0xc     3       81      2.85    2848    2995    0.79        1024               0        0       2       71.08   5       58.70   0.04    10.56   50.02   36.71   81.13   1.80    10.49   53      00x18    0xc     4       138     3.57    3851    2995    2.62         130               0        0       3       62.10   9       59.31   0.11    1.06    1.58    93.81   81.130x28    0x14    6       42      1.51    2782    2995    0.33         179               0        0       2       78.36   3       24.27   0.07    1.81    1.85    94.89   9.00    1.03    84.92   54      00x28    0x14    7       127     3.31    3841    2995    2.66         101               0        0       4       71.17   9       51.85   0.00    0.62    0.42    95.68   9.000x0     0x0     8       226     8.21    2750    2995    0.85        1062               1        0       2       71.70   10      75.94   2.06    56.98   10.24   25.08   91.60   0.00    0.00    53      00x0     0x1     9       280     9.42    2968    2995    1.05        1014               0        0       3       64.58   12      68.41   2.22    53.84   11.90   25.23   90.40   0.00    0.00    53      00x0     0x2     10      166     6.01    2756    2995    0.96         627               0        0       2       62.73   8       67.79   0.96    30.00   13.47   50.77   78.31   15.20   0.00    53      00x0     0x3     11      148     6.02    2461    2995    0.62         871               0        0       1       66.80   7       77.86   1.23    41.68   16.57   36.18   93.80   0.00    0.00    53      00x8     0x4     12      225     7.97    2819    2995    0.64         416               0        0       3       63.72   9       70.11   2.73    35.97   2.79    53.50   66.37   25.35   0.00    56      00x8     0x5     13      24      0.94    2513    2995    0.64         106               0        0       0       60.00   2       76.28   0.02    3.93    1.01    94.17   7.10    91.43   0.00    56      00x8     0x6     14      23      0.94    2401    2995    0.61          77               0        0       0       55.67   2       72.80   0.00    1.86    1.30    95.95   7.45    90.77   0.00    54      00x8     0x7     15      13      0.61    2061    2995    0.41          31               0        0       0       59.68   1       59.30   0.00    0.74    0.53    98.15   4.17    94.67   0.00    54      00x40    0x20    16      1       0.05    1383    2995    0.34           9               0        0       0       52.89   0       41.53   0.00    0.00    0.00    99.95   0.00    99.76   0.00    55      00x40    0x21    17      3       0.16    1969    2995    1.21           5               0        0       0       54.22   0       45.17   0.00    0.00    0.16    99.68   0.00    99.65   0.00    55      0Module  Core    CPU     Avg_MHz Busy%   Bzy_MHz TSC_MHz IPC          IRQ             NMI        SMI     LLCMRPS LLC%hit L2MRPS  L2%hit  POLL%   C1E%    C6%     C10%    CPU%c1  CPU%c6  CPU%c7  CoreTmp CoreThr PkgTmp  GFX%rc6      GFXMHz  GFXAMHz SAM%mc6 SAMMHz  SAMAMHz Totl%C0 Any%C0  GFX%C0  CPUGFX% Pkg%pc2 Pkg%pc3 Pkg%pc6 Pkg%pc8 Pk%pc10 CPU%LPI SYS%LPI PkgWatt CorWatt GFXWatt RAMWatt PKG_%   RAM_%   UncMHz  Die%c6  SysWatt



  -       -       133     4.20    3166    2995    1.16        9178               0        0       48      65.32   136     61.26   0.55    17.01   10.68   68.25   61.87   37.87   1.13    55      0       56      93.69800     600     99.77   100     450     498.07  99.83   4.81    4.81    0.00    0.00    0.00    0.00    0.00    0.00    0.00    14.85   9.68    0.15    0.00    0.00    0.00    3100    0.00    21.93

0x20    0x10    0       216     6.27    3440    2995    0.63         811               0        0       4       70.87   10      61.78   1.66    29.97   14.24   49.65   87.75   0.00    0.00    55      0       56      93.70800     600     99.78   100     450     498.09  99.84   4.81    4.81    0.00    0.00    0.00    0.00    0.00    0.00    0.00    14.85   9.68    0.15    0.00    0.00    0.00    3100    0.000x20    0x10    5       210     6.19    3385    2995    1.15         892               0        0       4       64.86   13      66.09   0.55    13.84   29.93   50.16   87.750x10    0x8     1       199     5.66    3526    2995    1.13         852               0        0       4       65.54   12      59.75   0.72    48.86   11.17   34.49   91.85   0.00    0.00    54      00x10    0x8     2       83      2.18    3801    2995    0.32         170               0        0       2       66.48   3       49.27   0.04    2.34    3.59    91.90   91.850x18    0xc     3       203     5.89    3446    2995    0.66        1010               0        0       4       61.63   10      56.33   0.96    20.27   27.41   46.58   79.18   1.92    8.59    54      00x18    0xc     4       163     4.35    3743    2995    2.36         274               0        0       4       62.88   11      56.60   0.08    3.17    5.04    87.49   79.180x28    0x14    6       217     5.88    3684    2995    1.38         771               0        0       6       66.77   15      56.87   0.38    27.52   20.39   46.33   80.88   0.17    7.17    52      00x28    0x14    7       261     6.60    3960    2995    1.88         487               0        0       6       63.18   17      56.09   0.59    13.85   3.77    75.84   80.880x0     0x0     8       205     7.46    2750    2995    1.37         518               0        0       4       64.47   11      62.89   0.69    20.28   9.46    63.04   72.27   19.59   0.00    51      00x0     0x1     9       95      4.07    2347    2995    0.82         842               0        0       1       66.25   5       75.01   0.55    25.51   23.66   47.04   80.05   15.33   0.00    51      00x0     0x2     10      128     4.91    2604    2995    0.72         847               0        0       2       69.04   6       70.38   0.94    31.40   21.38   42.61   81.25   13.56   0.00    51      00x0     0x3     11      132     4.60    2864    2995    0.72         385               0        0       2       61.54   6       60.53   0.93    19.63   6.79    69.15   49.71   45.35   0.00    51      00x8     0x4     12      69      2.83    2420    2995    0.86         453               0        0       1       68.61   4       66.90   0.43    17.19   3.92    76.20   46.60   49.90   0.00    53      00x8     0x5     13      128     4.46    2868    2995    1.43         294               0        0       2       68.90   6       66.70   1.06    14.43   3.92    77.31   37.03   57.76   0.00    53      00x8     0x6     14      32      1.83    1748    2995    0.63         179               0        0       1       76.26   3       70.75   0.05    2.57    4.33    91.40   32.12   65.01   0.00    52      00x8     0x7     15      43      1.91    2243    2995    0.71         363               0        0       0       71.70   2       77.39   0.24    15.23   2.84    80.18   35.12   62.54   0.00    52      00x40    0x20    16      5       0.25    1914    2995    0.26          23               0        0       0       40.17   0       31.30   0.02    0.09    0.29    99.39   0.11    99.37   0.00    55      00x40    0x21    17      4       0.20    2083    2995    1.04           7               0        0       0       55.06   0       45.11   0.02    0.00    0.09    99.72   0.01    99.59   0.00    55      0Module  Core    CPU     Avg_MHz Busy%   Bzy_MHz TSC_MHz IPC          IRQ             NMI        SMI     LLCMRPS LLC%hit L2MRPS  L2%hit  POLL%   C1E%    C6%     C10%    CPU%c1  CPU%c6  CPU%c7  CoreTmp CoreThr PkgTmp  GFX%rc6      GFXMHz  GFXAMHz SAM%mc6 SAMMHz  SAMAMHz Totl%C0 Any%C0  GFX%C0  CPUGFX% Pkg%pc2 Pkg%pc3 Pkg%pc6 Pkg%pc8 Pk%pc10 CPU%LPI SYS%LPI PkgWatt CorWatt GFXWatt RAMWatt PKG_%   RAM_%   UncMHz  Die%c6  SysWatt



  -       -       136     4.00    3401    2996    1.09        8478               0        0       46      66.81   129     60.51   0.89    15.83   11.39   68.90   52.33   48.38   1.82    55      0       55      99.730       0       99.93   0       0       357.23  99.85   0.01    0.01    0.00    0.00    0.00    0.00    0.00    0.00    0.00    14.28   9.67    0.00    0.00    0.00    0.00    3100    0.00    19.29

0x20    0x10    0       75      2.83    2640    2995    0.74         631               0        0       2       70.10   5       63.84   0.13    20.51   29.16   47.71   87.42   0.00    0.00    53      0       55      99.710       0       99.91   0       0       357.20  99.84   0.01    0.01    0.00    0.00    0.00    0.00    0.00    0.00    0.00    14.28   9.67    0.00    0.00    0.00    0.00    3100    0.000x20    0x10    5       373     9.58    3890    2995    1.63         825               0        0       9       64.52   24      55.83   1.49    35.86   16.30   38.38   87.410x10    0x8     1       293     7.88    3724    2995    1.82         895               0        0       9       67.63   22      54.59   0.38    25.02   23.94   43.30   70.49   2.42    18.09   54      00x10    0x8     2       31      0.74    4143    2995    0.98          26               0        0       1       43.11   2       56.82   0.00    1.51    0.08    97.68   70.490x18    0xc     3       461     11.69   3946    2995    0.60         889               0        0       7       59.69   18      58.48   4.88    42.22   19.75   26.53   83.03   0.00    0.00    55      00x18    0xc     4       237     6.64    3573    2995    0.84        1392               0        0       2       68.84   10      74.93   2.01    58.89   7.19    27.54   83.030x28    0x14    6       216     6.34    3404    2995    0.57         764               0        0       4       72.55   10      60.18   1.75    27.02   22.19   44.60   81.22   1.59    7.38    54      00x28    0x14    7       132     3.33    3972    2995    2.69          77               0        0       3       65.93   9       58.15   0.15    1.09    0.25    95.33   81.220x0     0x0     8       258     8.24    3131    2995    1.03         713               0        0       4       68.33   10      63.92   2.68    27.40   9.50    55.10   86.62   4.80    0.00    52      00x0     0x1     9       86      3.21    2682    2995    0.88         428               0        0       2       67.45   5       65.34   0.18    6.89    12.42   77.65   54.90   40.90   0.00    52      00x0     0x2     10      109     3.83    2849    2995    0.64         568               0        0       1       68.87   7       74.10   0.26    15.37   12.36   68.65   53.84   41.28   0.00    52      00x0     0x3     11      125     4.58    2730    2995    0.47         892               0        0       1       71.29   4       75.55   1.96    18.91   49.92   26.82   84.06   11.13   0.00    52      00x8     0x4     12      19      1.12    1715    2995    0.42         167               0        0       1       83.88   2       45.66   0.10    1.88    0.90    96.16   15.04   83.03   0.00    53      00x8     0x5     13      16      0.81    1929    2995    0.76         169               0        0       1       90.50   2       58.20   0.00    2.23    0.51    96.49   2.97    95.34   0.00    53      00x8     0x6     14      12      0.78    1533    2995    0.39          28               0        0       1       84.77   1       44.39   0.00    0.16    0.33    98.76   0.17    98.14   0.00    53      00x8     0x7     15      5       0.31    1668    2995    0.31           5               0        0       0       73.68   0       48.12   0.00    0.00    0.22    99.48   0.00    99.22   0.00    53      00x40    0x20    16      1       0.05    1358    2995    0.36           5               0        0       0       50.15   0       41.97   0.00    0.00    0.00    99.95   0.00    99.78   0.00    55      00x40    0x21    17      2       0.12    2117    2995    1.55           4               0        0       0       53.25   0       46.93   0.00    0.00    0.00    99.88   0.01    99.70   0.00    55      0Module  Core    CPU     Avg_MHz Busy%   Bzy_MHz TSC_MHz IPC          IRQ             NMI        SMI     LLCMRPS LLC%hit L2MRPS  L2%hit  POLL%   C1E%    C6%     C10%    CPU%c1  CPU%c6  CPU%c7  CoreTmp CoreThr PkgTmp  GFX%rc6      GFXMHz  GFXAMHz SAM%mc6 SAMMHz  SAMAMHz Totl%C0 Any%C0  GFX%C0  CPUGFX% Pkg%pc2 Pkg%pc3 Pkg%pc6 Pkg%pc8 Pk%pc10 CPU%LPI SYS%LPI PkgWatt CorWatt GFXWatt RAMWatt PKG_%   RAM_%   UncMHz  Die%c6  SysWatt



  -       -       109     3.58    3037    2995    1.35        7826               0        0       43      69.18   125     61.17   0.43    18.09   8.66    69.80   56.10   34.06   7.27    55      0       55      100.01       0       0       100.01  0       0       547.41  99.84   0.00    0.00    0.00    0.00    0.00    0.00    0.00    0.00    0.00    13.09   8.48    0.00    0.00    0.00    0.00    3100    0.00    18.07

0x20    0x10    0       50      1.84    2702    2995    0.58         678               0        0       2       79.82   4       41.35   0.00    5.85    28.03   64.38   48.18   3.42    41.32   54      0       55      100.02       0       0       100.02  0       0       547.44  99.84   0.00    0.00    0.00    0.00    0.00    0.00    0.00    0.00    0.00    13.10   8.48    0.00    0.00    0.00    0.00    3100    0.000x20    0x10    5       201     5.08    3957    2995    2.17         200               0        0       6       67.55   14      53.13   0.37    9.64    3.43    81.89   48.180x10    0x8     1       346     8.89    3892    2995    2.02         706               0        0       12      66.91   29      54.64   0.09    43.30   16.25   31.68   90.38   0.19    0.00    52      00x10    0x8     2       5       0.14    3464    2995    0.43          10               0        0       0       44.63   0       53.10   0.00    0.00    0.00    99.87   90.380x18    0xc     3       88      3.06    2893    2995    0.83         678               0        0       2       58.01   6       61.93   0.00    5.49    22.11   69.43   79.52   0.64    13.40   52      00x18    0xc     4       121     3.23    3752    2995    2.45         154               0        0       3       65.63   9       56.64   0.02    0.86    1.90    94.03   79.520x28    0x14    6       129     4.05    3182    2995    0.72         489               0        0       5       76.07   9       42.89   0.00    4.35    12.71   78.99   39.35   6.12    47.01   51      00x28    0x14    7       124     3.20    3876    2995    2.73          45               0        0       3       70.31   9       54.09   0.00    0.00    0.07    96.75   39.350x0     0x0     8       118     5.13    2308    2995    1.04         867               0        0       2       69.74   7       75.24   0.32    35.13   22.94   37.14   85.24   9.16    0.00    50      00x0     0x1     9       192     7.34    2616    2995    0.89        1008               0        0       3       69.54   11      71.64   0.76    36.68   25.22   31.06   92.48   0.00    0.00    50      00x0     0x2     10      131     4.73    2778    2995    0.58         696               0        0       1       75.45   5       77.00   1.60    47.16   10.09   38.35   92.00   3.05    0.00    51      00x0     0x3     11      141     5.41    2610    2995    0.73        1200               0        0       1       79.26   6       85.55   1.25    58.79   7.47    28.79   93.06   1.33    0.00    51      00x8     0x4     12      72      3.11    2307    2995    0.67         483               0        0       1       71.23   4       75.07   0.58    26.60   1.73    68.75   36.95   59.33   0.00    52      00x8     0x5     13      170     6.23    2725    2995    0.60         437               0        0       1       72.30   7       76.34   2.35    39.67   2.49    51.84   66.36   27.11   0.00    53      00x8     0x6     14      46      1.83    2498    2995    0.56         103               0        0       1       63.82   3       66.17   0.32    9.91    0.51    87.82   14.85   82.52   0.00    53      00x8     0x7     15      19      1.00    1931    2995    0.56          65               0        0       0       60.92   1       74.03   0.11    2.18    0.93    95.95   14.09   84.41   0.00    53      00x40    0x20    16      1       0.04    1453    2995    0.36           4               0        0       0       52.82   0       44.81   0.00    0.00    0.00    99.96   0.00    99.78   0.00    55      00x40    0x21    17      3       0.13    2170    2995    1.50           3               0        0       0       54.91   0       48.52   0.00    0.00    0.00    99.87   0.01    99.69   0.00    55      0Module  Core    CPU     Avg_MHz Busy%   Bzy_MHz TSC_MHz IPC          IRQ             NMI        SMI     LLCMRPS LLC%hit L2MRPS  L2%hit  POLL%   C1E%    C6%     C10%    CPU%c1  CPU%c6  CPU%c7  CoreTmp CoreThr PkgTmp  GFX%rc6      GFXMHz  GFXAMHz SAM%mc6 SAMMHz  SAMAMHz Totl%C0 Any%C0  GFX%C0  CPUGFX% Pkg%pc2 Pkg%pc3 Pkg%pc6 Pkg%pc8 Pk%pc10 CPU%LPI SYS%LPI PkgWatt CorWatt GFXWatt RAMWatt PKG_%   RAM_%   UncMHz  Die%c6  SysWatt



  -       -       117     3.69    3176    2995    1.25        8062               0        0       41      67.83   122     62.62   0.63    16.83   10.98   68.62   60.94   41.16   0.75    55      0       55      99.900       0       100.00  0       0       440.12  99.83   0.00    0.00    0.00    0.00    0.00    0.00    0.00    0.00    0.00    14.18   9.49    0.00    0.00    0.00    0.00    3100    0.00    19.50

0x20    0x10    0       45      1.94    2313    2995    0.89        1354               0        0       1       69.10   3       71.85   0.00    15.05   77.94   5.25    92.48   0.00    0.00    53      0       55      99.920       0       100.02  0       0       440.14  99.84   0.00    0.00    0.00    0.00    0.00    0.00    0.00    0.00    0.00    14.18   9.49    0.00    0.00    0.00    0.00    3100    0.000x20    0x10    5       204     5.35    3817    2995    1.82         456               0        0       4       62.91   12      60.87   0.73    11.44   9.93    73.34   92.480x10    0x8     1       352     9.27    3801    2995    1.81         757               0        0       13      67.71   31      54.18   0.06    50.13   17.45   23.27   90.12   0.00    0.00    53      00x10    0x8     2       7       0.20    3310    2995    0.48          17               0        0       0       57.37   0       45.03   0.00    0.00    0.10    99.70   90.120x18    0xc     3       185     5.72    3232    2995    0.79         932               0        0       4       64.91   12      66.90   0.26    13.54   26.00   54.86   91.40   0.19    0.09    52      00x18    0xc     4       86      2.38    3609    2995    2.40         179               0        0       2       66.39   6       55.80   0.00    0.57    1.98    95.09   91.400x28    0x14    6       168     4.85    3472    2995    0.77         515               0        0       3       68.60   9       59.03   1.08    23.90   10.50   60.85   81.34   0.33    10.38   52      00x28    0x14    7       126     3.21    3915    2995    2.39         104               0        0       3       67.22   8       58.87   0.17    8.89    0.01    87.92   81.340x0     0x0     8       188     6.75    2788    2995    1.06         745               0        0       2       68.41   8       70.28   1.47    33.15   19.71   40.69   89.86   3.08    0.00    52      00x0     0x1     9       236     7.84    3010    2995    1.02         887               0        0       2       68.32   10      73.37   2.11    42.97   9.84    39.74   88.36   3.54    0.00    52      00x0     0x2     10      203     7.27    2788    2995    0.64        1050               0        0       1       75.38   8       79.82   2.38    50.18   10.29   32.72   84.35   8.07    0.00    52      00x0     0x3     11      227     7.50    3026    2995    0.75         663               0        0       2       70.90   8       71.19   2.86    40.80   10.27   41.74   82.39   9.86    0.00    52      00x8     0x4     12      34      1.64    2082    2995    0.84         215               0        0       1       78.04   2       52.38   0.08    6.66    1.67    90.11   21.20   76.25   0.00    52      00x8     0x5     13      26      1.07    2394    2995    0.69         102               0        0       0       73.92   2       67.31   0.15    5.35    0.57    93.06   16.27   82.17   0.00    52      00x8     0x6     14      8       0.44    1780    2995    0.37          34               0        0       0       75.71   1       49.59   0.00    0.20    0.80    98.58   1.96    96.97   0.00    52      00x8     0x7     15      11      0.67    1600    2995    0.33          32               0        0       1       85.23   1       44.40   0.00    0.06    0.61    98.69   1.84    96.59   0.00    52      00x40    0x20    16      2       0.15    1474    2995    0.37          12               0        0       0       44.48   0       35.48   0.00    0.00    0.00    99.86   0.02    99.63   0.00    55      00x40    0x21    17      4       0.21    1765    2995    1.10           8               0        0       0       47.47   0       37.86   0.00    0.00    0.00    99.79   0.01    99.57   0.00    55      0Module  Core    CPU     Avg_MHz Busy%   Bzy_MHz TSC_MHz IPC          IRQ             NMI        SMI     LLCMRPS LLC%hit L2MRPS  L2%hit  POLL%   C1E%    C6%     C10%    CPU%c1  CPU%c6  CPU%c7  CoreTmp CoreThr PkgTmp  GFX%rc6      GFXMHz  GFXAMHz SAM%mc6 SAMMHz  SAMAMHz Totl%C0 Any%C0  GFX%C0  CPUGFX% Pkg%pc2 Pkg%pc3 Pkg%pc6 Pkg%pc8 Pk%pc10 CPU%LPI SYS%LPI PkgWatt CorWatt GFXWatt RAMWatt PKG_%   RAM_%   UncMHz  Die%c6  SysWatt



  -       -       112     3.74    2986    2996    1.31        8179               0        0       43      67.25   125     62.38   0.38    17.91   10.32   68.19   61.46   34.50   3.49    55      0       55      100.01       0       0       100.01  0       0       536.60  99.85   0.00    0.00    0.00    0.00    0.00    0.00    0.00    0.00    0.00    13.42   8.73    0.00    0.00    0.00    0.00    3100    0.00    18.58

0x20    0x10    0       93      2.96    3152    2995    0.76         919               0        0       2       72.78   5       60.73   0.32    31.27   42.61   23.31   89.35   0.00    0.00    53      0       55      99.980       0       99.98   0       0       536.53  99.84   0.00    0.00    0.00    0.00    0.00    0.00    0.00    0.00    0.00    13.41   8.73    0.00    0.00    0.00    0.00    3100    0.000x20    0x10    5       302     7.92    3816    2995    1.87         553               0        0       8       65.09   21      58.49   0.21    16.58   18.18   57.40   89.350x10    0x8     1       223     6.15    3624    2995    1.68         645               0        0       8       68.08   21      53.96   0.00    34.40   15.96   43.60   84.04   1.71    7.54    53      00x10    0x8     2       6       0.17    3377    2995    0.46          19               0        0       0       50.30   0       50.79   0.00    0.00    0.24    99.60   84.040x18    0xc     3       134     4.48    2983    2995    0.89        1025               0        0       3       57.20   9       65.63   0.02    10.20   40.35   45.09   87.61   1.17    5.91    53      00x18    0xc     4       13      0.50    2642    2995    0.44         111               0        0       0       64.19   1       50.38   0.00    0.50    0.41    98.61   87.610x28    0x14    6       152     4.54    3347    2995    0.55         549               0        0       5       75.45   10      49.90   0.02    5.74    20.08   69.73   50.46   6.13    35.42   52      00x28    0x14    7       132     3.36    3918    2995    2.76          58               0        0       3       66.25   10      55.52   0.00    2.69    0.07    93.90   50.460x0     0x0     8       213     7.92    2689    2995    1.06        1075               0        0       3       65.24   10      71.58   1.35    63.38   6.55    22.60   91.89   0.00    0.00    51      00x0     0x1     9       181     7.10    2546    2995    1.00         779               0        0       2       69.37   9       73.74   1.27    47.32   6.67    39.33   90.22   2.46    0.00    51      00x0     0x2     10      164     6.19    2645    2995    0.73         857               0        0       1       69.67   7       79.38   1.74    55.92   6.95    31.36   93.62   0.00    0.00    51      00x0     0x3     11      155     6.15    2518    2995    1.03         426               0        0       2       67.58   7       69.97   1.27    28.11   13.48   52.56   85.59   7.88    0.00    51      00x8     0x4     12      164     6.08    2692    2995    1.77         578               0        0       3       65.46   8       63.49   0.58    15.53   7.40    71.13   92.01   1.65    0.00    53      00x8     0x5     13      51      2.42    2108    2995    0.97         474               0        0       1       71.32   4       73.80   0.00    5.80    6.25    85.71   23.19   72.15   0.00    53      00x8     0x6     14      16      0.81    1970    2995    0.40          69               0        0       0       67.34   1       71.19   0.00    1.29    0.40    97.54   3.22    94.91   0.00    53      00x8     0x7     15      8       0.35    2327    2995    0.55          34               0        0       0       64.37   1       72.19   0.00    3.58    0.11    95.97   3.58    95.59   0.00    52      00x40    0x20    16      1       0.07    1326    2995    0.35           5               0        0       0       47.15   0       38.67   0.00    0.00    0.00    99.93   0.00    99.75   0.00    55      00x40    0x21    17      3       0.14    2104    2995    1.46           3               0        0       0       53.71   0       47.60   0.00    0.00    0.00    99.86   0.01    99.68   0.00    55      0Module  Core    CPU     Avg_MHz Busy%   Bzy_MHz TSC_MHz IPC          IRQ             NMI        SMI     LLCMRPS LLC%hit L2MRPS  L2%hit  POLL%   C1E%    C6%     C10%    CPU%c1  CPU%c6  CPU%c7  CoreTmp CoreThr PkgTmp  GFX%rc6      GFXMHz  GFXAMHz SAM%mc6 SAMMHz  SAMAMHz Totl%C0 Any%C0  GFX%C0  CPUGFX% Pkg%pc2 Pkg%pc3 Pkg%pc6 Pkg%pc8 Pk%pc10 CPU%LPI SYS%LPI PkgWatt CorWatt GFXWatt RAMWatt PKG_%   RAM_%   UncMHz  Die%c6  SysWatt



  -       -       121     3.79    3190    2995    1.22        7914               0        0       44      67.13   127     61.45   0.57    17.02   9.21    70.10   57.14   42.21   2.38    55      0       55      100.00       0       0       100.00  0       0       431.40  99.83   0.00    0.00    0.00    0.00    0.00    0.00    0.00    0.00    0.00    13.81   9.20    0.00    0.00    0.00    0.00    3100    0.00    18.87

0x20    0x10    0       257     6.70    3838    2995    1.18         579               0        0       7       66.59   17      54.57   1.17    47.96   8.67    36.80   87.21   0.00    0.00    54      0       55      100.02       0       0       100.02  0       0       431.43  99.84   0.00    0.00    0.00    0.00    0.00    0.00    0.00    0.00    0.00    13.81   9.20    0.00    0.00    0.00    0.00    3100    0.000x20    0x10    5       237     6.46    3673    2995    1.20         863               0        0       4       64.68   13      63.54   1.04    32.08   18.49   43.10   87.210x10    0x8     1       197     5.53    3556    2995    1.79         715               0        0       6       65.40   17      58.15   0.16    22.61   21.50   50.47   91.70   0.00    2.20    54      00x10    0x8     2       9       0.24    3744    2995    0.91          11               0        0       0       45.08   1       52.59   0.00    0.04    0.16    99.57   91.700x18    0xc     3       161     4.95    3254    2995    0.83         964               0        0       4       51.80   10      61.38   0.14    15.97   29.25   49.96   87.51   0.18    4.71    53      00x18    0xc     4       94      2.48    3772    2995    2.37         163               0        0       2       63.59   6       56.12   0.06    0.50    1.59    95.45   87.510x28    0x14    6       199     5.65    3522    2995    0.72         645               0        0       5       78.02   12      56.40   0.59    16.80   19.65   58.01   60.40   4.14    26.39   52      00x28    0x14    7       131     3.25    4028    2995    2.65          71               0        0       3       65.69   9       56.89   0.15    0.07    0.08    96.61   60.400x0     0x0     8       213     7.32    2908    2995    1.09         687               0        0       3       62.71   9       70.23   1.58    33.78   16.50   42.71   82.45   9.80    0.00    52      00x0     0x1     9       189     6.98    2708    2995    0.75        1110               0        0       1       68.60   8       79.87   1.80    55.44   14.27   23.78   92.84   0.00    0.00    52      00x0     0x2     10      187     6.65    2817    2995    0.57        1010               0        0       1       71.93   7       80.93   2.29    49.68   16.48   27.62   93.16   0.00    0.00    52      00x0     0x3     11      123     4.69    2629    2995    0.86         541               0        0       1       65.41   5       77.70   1.27    25.82   11.54   58.24   77.24   17.63   0.00    53      00x8     0x4     12      39      2.02    1908    2995    0.63         415               0        0       2       89.25   3       36.84   0.00    3.70    6.25    88.17   24.64   71.66   0.00    52      00x8     0x5     13      117     3.99    2928    2995    2.08          67               0        0       3       69.34   7       54.84   0.00    1.71    0.49    93.84   4.32    90.90   0.00    52      00x8     0x6     14      7       0.34    1991    2995    0.34          24               0        0       0       67.00   1       62.56   0.00    0.11    0.04    99.53   0.13    98.95   0.00    51      00x8     0x7     15      15      0.83    1778    2995    0.30          40               0        0       1       79.49   1       44.30   0.00    0.10    0.79    98.32   0.13    98.09   0.00    51      00x40    0x20    16      1       0.04    1575    2995    0.36           5               0        0       0       52.33   0       44.49   0.00    0.00    0.00    99.96   0.00    99.78   0.00    55      00x40    0x21    17      3       0.12    2085    2995    1.50           4               0        0       0       52.98   0       46.43   0.00    0.00    0.00    99.88   0.01    99.69   0.00    55      0Module  Core    CPU     Avg_MHz Busy%   Bzy_MHz TSC_MHz IPC          IRQ             NMI        SMI     LLCMRPS LLC%hit L2MRPS  L2%hit  POLL%   C1E%    C6%     C10%    CPU%c1  CPU%c6  CPU%c7  CoreTmp CoreThr PkgTmp  GFX%rc6      GFXMHz  GFXAMHz SAM%mc6 SAMMHz  SAMAMHz Totl%C0 Any%C0  GFX%C0  CPUGFX% Pkg%pc2 Pkg%pc3 Pkg%pc6 Pkg%pc8 Pk%pc10 CPU%LPI SYS%LPI PkgWatt CorWatt GFXWatt RAMWatt PKG_%   RAM_%   UncMHz  Die%c6  SysWatt



  -       -       116     3.70    3139    2996    1.27        7874               0        0       44      68.33   127     61.27   0.48    16.68   9.97    69.80   57.51   36.96   4.67    55      0       55      100.00       0       0       100.00  0       0       507.04  99.84   0.00    0.00    0.00    0.00    0.00    0.00    0.00    0.00    0.00    13.60   8.97    0.00    0.00    0.00    0.00    3100    0.00    18.63

0x20    0x10    0       133     4.23    3154    2995    0.93         827               0        0       3       72.58   9       58.45   0.29    38.52   25.11   32.31   91.36   0.00    0.00    54      0       55      99.990       0       99.99   0       0       507.05  99.84   0.00    0.00    0.00    0.00    0.00    0.00    0.00    0.00    0.00    13.59   8.97    0.00    0.00    0.00    0.00    3100    0.000x20    0x10    5       139     4.10    3382    2995    0.73         569               0        0       3       64.85   9       63.77   0.02    4.56    13.76   77.65   91.360x10    0x8     1       423     10.75   3935    2995    2.00         783               0        0       14      65.81   34      54.07   0.44    48.06   17.70   23.61   88.61   0.00    0.00    53      00x10    0x8     2       7       0.22    3085    2995    0.57           6               0        0       0       68.21   0       41.60   0.00    0.00    0.00    99.78   88.620x18    0xc     3       194     5.92    3284    2995    0.84         793               0        0       5       59.69   12      59.65   0.33    24.00   19.06   51.14   90.33   0.00    0.00    53      00x18    0xc     4       149     3.88    3839    2995    2.54         168               0        0       4       64.20   10      57.72   0.11    1.65    1.99    92.51   90.330x28    0x14    6       226     6.11    3694    2995    0.95         373               0        0       7       80.37   14      47.33   0.31    2.87    9.56    81.54   19.89   6.31    65.34   52      00x28    0x14    7       78      2.03    3870    2995    2.76          19               0        0       2       71.46   6       52.40   0.00    0.00    0.00    97.98   19.890x0     0x0     8       153     5.44    2807    2995    0.83         781               0        0       1       62.02   6       78.51   1.65    38.02   13.11   43.75   94.38   0.00    0.00    51      00x0     0x1     9       133     5.10    2613    2995    0.57         617               0        0       1       73.01   5       83.42   1.69    35.19   9.47    50.59   86.74   7.89    0.00    51      00x0     0x2     10      209     7.93    2634    2995    0.64        1296               0        0       1       77.29   8       86.89   2.60    64.40   8.06    20.16   91.87   0.00    0.00    51      00x0     0x3     11      69      3.05    2262    2995    0.57         449               0        0       0       61.68   3       84.73   0.67    21.64   14.60   60.97   81.39   15.11   0.00    51      00x8     0x4     12      25      1.66    1521    2995    0.83         663               0        0       0       72.25   2       76.31   0.00    8.82    39.49   50.18   52.07   45.81   0.00    53      00x8     0x5     13      120     4.54    2642    2995    1.67         420               0        0       2       66.61   7       66.66   0.45    11.38   6.29    77.92   43.90   50.55   0.00    53      00x8     0x6     14      13      0.63    2100    2995    0.48          48               0        0       0       62.19   1       78.22   0.07    0.50    0.47    98.44   2.49    96.26   0.00    53      00x8     0x7     15      16      0.87    1873    2995    0.36          48               0        0       0       72.84   2       60.34   0.00    0.51    0.82    97.84   1.94    96.10   0.00    53      00x40    0x20    16      1       0.04    1493    2995    0.37           8               0        0       0       53.78   0       44.19   0.00    0.00    0.00    99.96   0.00    99.79   0.00    55      00x40    0x21    17      3       0.14    2013    2995    1.49           6               0        0       0       53.78   0       46.13   0.00    0.00    0.00    99.86   0.00    99.68   0.00    55      0Module  Core    CPU     Avg_MHz Busy%   Bzy_MHz TSC_MHz IPC          IRQ             NMI        SMI     LLCMRPS LLC%hit L2MRPS  L2%hit  POLL%   C1E%    C6%     C10%    CPU%c1  CPU%c6  CPU%c7  CoreTmp CoreThr PkgTmp  GFX%rc6      GFXMHz  GFXAMHz SAM%mc6 SAMMHz  SAMAMHz Totl%C0 Any%C0  GFX%C0  CPUGFX% Pkg%pc2 Pkg%pc3 Pkg%pc6 Pkg%pc8 Pk%pc10 CPU%LPI SYS%LPI PkgWatt CorWatt GFXWatt RAMWatt PKG_%   RAM_%   UncMHz  Die%c6  SysWatt



  -       -       117     3.83    3065    2996    1.29        8194               0        0       46      66.64   132     61.24   0.39    17.63   9.48    69.21   59.35   33.41   5.22    63      0       57      100.04       0       0       100.04  0       0       557.70  99.84   0.00    0.00    0.00    0.00    0.00    0.00    0.00    0.00    0.00    13.26   8.62    0.00    0.00    0.00    0.00    3100    0.00    18.26

0x20    0x10    0       161     4.46    3623    2995    1.91         582               0        0       3       68.75   10      60.32   0.60    36.72   10.56   48.37   89.60   0.00    0.00    56      0       57      100.02       0       0       100.02  0       0       557.69  99.84   0.00    0.00    0.00    0.00    0.00    0.00    0.00    0.00    0.00    13.26   8.62    0.00    0.00    0.00    0.00    3100    0.000x20    0x10    5       201     5.82    3454    2995    0.75         687               0        0       5       54.36   13      59.33   0.04    4.90    17.60   71.75   89.600x10    0x8     1       360     9.19    3921    2995    2.07         610               0        0       12      66.85   30      53.55   0.24    40.88   9.23    40.81   82.73   0.44    6.94    63      00x10    0x8     2       12      0.31    3948    2995    0.65           9               0        0       0       41.56   1       48.91   0.00    0.00    0.00    99.69   82.730x18    0xc     3       178     5.27    3375    2995    1.15         609               0        0       5       69.67   12      52.39   0.02    9.11    13.63   72.09   60.07   4.24    27.37   53      00x18    0xc     4       138     3.50    3933    2995    2.54          66               0        0       3       66.37   9       56.87   0.08    0.27    0.42    95.83   60.070x28    0x14    6       174     5.12    3392    2995    0.88         516               0        0       5       74.49   11      55.81   0.16    13.83   11.99   69.15   50.87   4.30    38.75   53      00x28    0x14    7       27      0.72    3803    2995    2.45          17               0        0       1       67.31   2       53.80   0.00    0.06    0.09    99.13   50.880x0     0x0     8       92      4.27    2143    2995    0.92        1153               0        0       1       67.68   5       77.19   0.31    31.86   38.32   25.86   89.23   6.18    0.00    54      00x0     0x1     9       121     4.65    2595    2995    0.69         651               0        0       2       68.88   6       71.02   0.77    31.51   22.44   41.67   70.20   24.67   0.00    54      00x0     0x2     10      92      3.52    2616    2995    1.18         650               0        0       1       65.63   5       73.36   0.28    23.18   12.90   60.62   62.44   33.64   0.00    54      00x0     0x3     11      118     4.13    2848    2995    1.23         381               0        0       2       61.49   6       64.25   0.49    14.03   7.88    74.10   36.51   58.27   0.00    54      00x8     0x4     12      150     5.66    2641    2995    0.53         497               0        0       1       71.28   6       71.10   2.05    27.66   7.87    59.05   63.72   30.05   0.00    52      00x8     0x5     13      82      3.38    2433    2995    0.75         639               0        0       1       73.43   4       76.12   0.65    31.63   5.15    60.08   52.31   43.60   0.00    52      00x8     0x6     14      61      2.91    2112    2995    0.65         293               0        0       1       74.35   4       79.82   0.46    15.21   6.72    75.39   55.60   40.91   0.00    52      00x8     0x7     15      138     5.63    2455    2995    0.85         824               0        0       2       65.96   7       72.85   0.78    36.44   5.73    52.54   71.77   22.27   0.00    52      00x40    0x20    16      7       0.32    2200    2995    1.62           7               0        0       0       50.47   0       44.24   0.00    0.00    0.00    99.69   0.00    99.49   0.00    55      00x40    0x21    17      3       0.13    1994    2995    1.54           3               0        0       0       54.69   0       44.24   0.00    0.00    0.00    99.88   0.01    99.69   0.00    55      0Module  Core    CPU     Avg_MHz Busy%   Bzy_MHz TSC_MHz IPC          IRQ             NMI        SMI     LLCMRPS LLC%hit L2MRPS  L2%hit  POLL%   C1E%    C6%     C10%    CPU%c1  CPU%c6  CPU%c7  CoreTmp CoreThr PkgTmp  GFX%rc6      GFXMHz  GFXAMHz SAM%mc6 SAMMHz  SAMAMHz Totl%C0 Any%C0  GFX%C0  CPUGFX% Pkg%pc2 Pkg%pc3 Pkg%pc6 Pkg%pc8 Pk%pc10 CPU%LPI SYS%LPI PkgWatt CorWatt GFXWatt RAMWatt PKG_%   RAM_%   UncMHz  Die%c6  SysWatt



  -       -       120     3.91    3068    2995    1.27        8306               0        0       45      67.30   131     61.18   0.45    16.91   8.92    70.39   57.24   34.36   6.25    54      0       54      99.990       0       99.99   0       0       540.06  99.82   0.00    0.00    0.00    0.00    0.00    0.00    0.00    0.00    0.00    13.18   8.53    0.00    0.00    0.00    0.00    3100    0.00    18.30

0x20    0x10    0       163     4.44    3668    2995    1.78         330               0        0       4       69.07   11      57.08   0.27    32.53   3.32    59.81   90.19   0.00    0.00    53      0       54      100.01       0       0       100.01  0       0       540.16  99.84   0.00    0.00    0.00    0.00    0.00    0.00    0.00    0.00    0.00    13.18   8.53    0.00    0.00    0.00    0.00    3100    0.000x20    0x10    5       164     5.21    3147    2995    0.97         963               0        0       4       66.05   11      63.94   0.08    12.15   28.47   54.28   90.190x10    0x8     1       219     5.82    3765    2995    1.97         521               0        0       8       67.33   18      52.67   0.04    24.07   17.21   53.00   69.01   2.55    21.52   50      00x10    0x8     2       30      0.77    3970    2995    0.99          25               0        0       1       45.80   2       55.87   0.00    1.19    0.13    97.92   69.010x18    0xc     3       156     4.61    3395    2995    1.18         497               0        0       3       63.54   9       56.84   0.15    8.09    12.08   75.30   66.21   0.42    26.30   50      00x18    0xc     4       142     3.60    3957    2995    2.44          96               0        0       3       67.55   9       57.92   0.00    0.38    0.14    95.90   66.210x28    0x14    6       177     4.98    3548    2995    1.33         509               0        0       7       71.31   14      49.44   0.01    21.61   10.23   63.29   48.13   3.78    39.70   52      00x28    0x14    7       126     3.15    3999    2995    2.57          60               0        0       3       67.52   9       54.92   0.21    0.00    0.08    96.79   48.130x0     0x0     8       198     7.21    2744    2995    0.98         897               0        0       4       65.36   11      64.50   0.80    27.54   25.12   40.37   73.15   19.26   0.00    50      00x0     0x1     9       235     8.23    2858    2995    0.77         914               0        0       3       60.28   11      67.65   1.24    33.36   17.84   40.87   78.59   12.50   0.00    50      00x0     0x2     10      88      3.43    2559    2995    0.77         589               0        0       1       65.29   5       70.75   0.45    21.06   7.40    68.35   56.17   39.64   0.00    50      00x0     0x3     11      167     6.13    2722    2995    0.59        1024               0        0       2       74.57   7       70.81   2.10    39.34   16.82   38.04   93.69   0.00    0.00    50      00x8     0x4     12      59      3.09    1909    2995    0.67         413               0        0       1       73.64   4       73.98   0.34    16.94   12.61   67.59   69.41   26.93   0.00    52      00x8     0x5     13      75      2.91    2590    2995    0.54         418               0        0       1       77.13   3       80.05   1.09    21.39   2.31    73.56   52.34   44.27   0.00    52      00x8     0x6     14      105     4.52    2315    2995    0.70         874               0        0       1       80.42   5       84.92   0.98    35.06   4.78    55.98   47.51   47.40   0.00    53      00x8     0x7     15      48      1.96    2426    2995    0.62         169               0        0       1       69.74   3       72.09   0.34    9.77    1.96    86.40   12.33   84.85   0.00    53      00x40    0x20    16      4       0.17    2058    2995    1.55           3               0        0       0       53.24   0       47.15   0.00    0.00    0.00    99.83   0.00    99.66   0.00    54      00x40    0x21    17      3       0.14    2093    2995    1.49           4               0        0       0       54.05   0       47.78   0.00    0.00    0.00    99.87   0.01    99.68   0.00    54      0Module  Core    CPU     Avg_MHz Busy%   Bzy_MHz TSC_MHz IPC          IRQ             NMI        SMI     LLCMRPS LLC%hit L2MRPS  L2%hit  POLL%   C1E%    C6%     C10%    CPU%c1  CPU%c6  CPU%c7  CoreTmp CoreThr PkgTmp  GFX%rc6      GFXMHz  GFXAMHz SAM%mc6 SAMMHz  SAMAMHz Totl%C0 Any%C0  GFX%C0  CPUGFX% Pkg%pc2 Pkg%pc3 Pkg%pc6 Pkg%pc8 Pk%pc10 CPU%LPI SYS%LPI PkgWatt CorWatt GFXWatt RAMWatt PKG_%   RAM_%   UncMHz  Die%c6  SysWatt



  -       -       110     3.61    3037    2995    1.35        8004               0        0       44      68.21   127     61.12   0.36    17.93   8.66    69.94   59.10   33.68   5.41    54      0       54      100.01       0       0       99.91   0       0       551.98  99.84   0.00    0.00    0.00    0.00    0.00    0.00    0.00    0.00    0.00    13.22   8.53    0.00    0.00    0.00    0.00    3100    0.00    18.37

0x20    0x10    0       158     4.63    3401    2995    1.34         559               0        0       5       66.09   13      57.97   0.00    15.80   12.66   66.99   89.82   0.00    0.00    51      0       54      100.00       0       0       99.90   0       0       551.97  99.84   0.00    0.00    0.00    0.00    0.00    0.00    0.00    0.00    0.00    13.22   8.52    0.00    0.00    0.00    0.00    3100    0.000x20    0x10    5       198     5.51    3597    2995    1.82         484               0        0       5       63.22   13      58.87   0.11    5.37    11.74   77.44   89.820x10    0x8     1       225     6.18    3638    2995    1.87         535               0        0       7       69.59   17      54.97   0.24    34.45   13.52   45.98   68.81   1.75    22.53   49      00x10    0x8     2       10      0.25    3878    2995    1.63           8               0        0       0       60.89   1       50.52   0.00    0.00    0.00    99.76   68.810x18    0xc     3       130     4.13    3138    2995    0.84         624               0        0       4       58.28   8       51.79   0.06    13.42   16.71   65.85   78.29   2.26    11.75   53      00x18    0xc     4       131     3.38    3866    2995    2.80         108               0        0       3       67.80   10      57.05   0.00    1.34    1.99    93.31   78.290x28    0x14    6       189     5.23    3622    2995    1.33         435               0        0       7       73.43   16      48.54   0.00    19.36   10.18   65.33   44.90   4.73    41.52   51      00x28    0x14    7       140     3.55    3933    2995    2.37         103               0        0       4       69.78   10      52.71   0.06    1.64    0.68    94.15   44.900x0     0x0     8       133     5.42    2446    2995    0.92        1043               0        0       1       68.42   7       78.50   0.69    45.76   20.01   29.19   85.21   9.07    0.00    50      00x0     0x1     9       114     4.68    2427    2995    0.99         845               0        0       1       67.47   6       75.02   0.65    35.38   20.93   39.32   90.08   4.94    0.00    50      00x0     0x2     10      140     5.78    2424    2995    0.85        1221               0        0       2       67.36   7       75.19   0.65    48.68   26.35   19.62   91.69   2.30    0.00    50      00x0     0x3     11      136     4.74    2873    2995    0.58         424               0        0       1       68.66   6       73.32   1.59    29.90   5.86    59.74   65.82   28.99   0.00    50      00x8     0x4     12      65      2.74    2379    2995    0.58         258               0        0       1       80.14   4       66.69   0.50    10.14   5.66    81.58   29.09   67.28   0.00    53      00x8     0x5     13      106     4.42    2388    2995    0.68         856               0        0       1       77.07   5       78.52   0.93    36.01   4.94    54.94   60.57   34.27   0.00    53      00x8     0x6     14      51      2.27    2240    2995    0.57         205               0        0       1       71.61   3       77.16   0.47    12.23   3.66    81.98   42.86   54.16   0.00    53      00x8     0x7     15      47      1.92    2472    2995    0.56         290               0        0       0       75.88   3       77.42   0.46    13.22   1.06    83.92   34.85   62.32   0.00    53      00x40    0x20    16      2       0.10    1932    2995    1.54           3               0        0       0       50.42   0       43.38   0.00    0.00    0.00    99.90   0.00    99.72   0.00    54      00x40    0x21    17      3       0.12    2130    2995    1.52           3               0        0       0       52.61   0       46.17   0.00    0.00    0.00    99.88   0.01    99.70   0.00    54      0Module  Core    CPU     Avg_MHz Busy%   Bzy_MHz TSC_MHz IPC          IRQ             NMI        SMI     LLCMRPS LLC%hit L2MRPS  L2%hit  POLL%   C1E%    C6%     C10%    CPU%c1  CPU%c6  CPU%c7  CoreTmp CoreThr PkgTmp  GFX%rc6      GFXMHz  GFXAMHz SAM%mc6 SAMMHz  SAMAMHz Totl%C0 Any%C0  GFX%C0  CPUGFX% Pkg%pc2 Pkg%pc3 Pkg%pc6 Pkg%pc8 Pk%pc10 CPU%LPI SYS%LPI PkgWatt CorWatt GFXWatt RAMWatt PKG_%   RAM_%   UncMHz  Die%c6  SysWatt



  -       -       125     4.11    3039    2995    1.31        8984               1        0       48      65.70   137     61.25   0.34    19.41   9.04    67.57   59.99   31.22   5.54    55      0       56      100.01       0       0       100.11  0       0       593.27  99.86   0.00    0.00    0.00    0.00    0.00    0.00    0.00    0.00    0.00    13.60   8.90    0.00    0.00    0.00    0.00    3100    0.00    19.03

0x20    0x10    0       127     3.97    3198    2995    0.90         608               0        0       3       56.29   9       62.23   0.00    3.55    15.52   77.04   88.33   0.39    2.33    54      0       56      100.00       0       0       100.10  0       0       593.16  99.84   0.00    0.00    0.00    0.00    0.00    0.00    0.00    0.00    0.00    13.60   8.90    0.00    0.00    0.00    0.00    3100    0.000x20    0x10    5       178     5.16    3448    2995    1.73         608               0        0       4       63.80   12      60.42   0.00    6.77    16.48   71.66   88.330x10    0x8     1       184     5.13    3581    2995    1.22         579               0        0       5       65.47   13      61.97   0.24    68.63   6.07    20.33   91.93   0.00    1.46    52      00x10    0x8     2       38      0.95    4012    2995    2.23          57               0        0       1       60.41   2       56.72   0.00    0.10    0.07    98.89   91.930x18    0xc     3       274     7.38    3709    2995    1.52         799               0        0       10      64.33   24      51.55   0.01    38.49   18.33   35.92   78.75   1.02    8.29    53      00x18    0xc     4       175     4.31    4063    2995    2.48         169               0        0       4       61.13   11      57.29   0.36    1.31    0.88    93.52   78.740x28    0x14    6       146     4.49    3259    2995    0.59         452               0        0       6       85.35   10      38.45   0.14    4.09    14.27   77.26   14.81   12.02   65.42   53      00x28    0x14    7       124     2.97    4177    2995    1.50          67               0        0       1       48.45   3       51.28   0.00    1.03    0.02    95.99   14.810x0     0x0     8       159     6.11    2600    2995    1.00         862               0        0       2       65.00   9       72.08   0.50    33.13   11.73   49.30   78.97   14.37   0.00    50      00x0     0x1     9       114     4.98    2289    2995    0.96         966               0        0       1       63.06   7       74.33   0.39    38.27   26.49   30.59   85.03   9.68    0.00    50      00x0     0x2     10      120     4.78    2514    2995    0.89         784               1        0       1       61.34   6       72.25   0.58    27.38   27.53   40.57   78.51   16.41   0.00    50      00x0     0x3     11      203     7.69    2641    2995    1.06        1224               0        0       2       67.60   10      74.48   1.55    60.46   8.81    23.44   90.44   1.63    0.00    50      00x8     0x4     12      131     5.12    2555    2995    1.36         596               0        0       2       66.49   7       68.64   0.62    21.74   7.33    66.02   59.41   34.75   0.00    53      00x8     0x5     13      74      3.16    2345    2995    0.59         599               0        0       1       72.59   3       80.54   0.95    22.85   3.18    71.02   81.28   15.33   0.00    53      00x8     0x6     14      148     5.54    2667    2995    1.60         378               0        0       3       62.88   8       65.25   0.49    15.74   3.21    75.65   40.70   52.95   0.00    53      00x8     0x7     15      46      1.88    2444    2995    0.57         223               0        0       1       63.34   3       66.65   0.24    5.93    2.89    89.38   17.87   79.20   0.00    53      00x40    0x20    16      3       0.16    2032    2995    0.91           7               0        0       0       48.81   0       41.65   0.00    0.00    0.00    99.85   0.00    99.65   0.00    55      00x40    0x21    17      3       0.15    1917    2995    1.47           6               0        0       0       56.94   0       49.15   0.00    0.00    0.00    99.85   0.00    99.67   0.00    55      0Module  Core    CPU     Avg_MHz Busy%   Bzy_MHz TSC_MHz IPC          IRQ             NMI        SMI     LLCMRPS LLC%hit L2MRPS  L2%hit  POLL%   C1E%    C6%     C10%    CPU%c1  CPU%c6  CPU%c7  CoreTmp CoreThr PkgTmp  GFX%rc6      GFXMHz  GFXAMHz SAM%mc6 SAMMHz  SAMAMHz Totl%C0 Any%C0  GFX%C0  CPUGFX% Pkg%pc2 Pkg%pc3 Pkg%pc6 Pkg%pc8 Pk%pc10 CPU%LPI SYS%LPI PkgWatt CorWatt GFXWatt RAMWatt PKG_%   RAM_%   UncMHz  Die%c6  SysWatt



  -       -       148     4.93    3006    2995    1.19        8869               0        0       57      64.74   160     60.79   0.36    19.15   11.13   64.94   63.96   27.82   4.37    55      0       55      100.02       0       0       99.92   0       0       635.72  99.83   0.00    0.00    0.00    0.00    0.00    0.00    0.00    0.00    0.00    13.93   9.14    0.00    0.00    0.00    0.00    3100    0.00    19.46

0x20    0x10    0       132     3.88    3408    2995    1.58         444               0        0       3       66.05   9       57.45   0.13    4.07    11.44   80.68   88.31   0.12    0.52    51      0       55      100.03       0       0       99.93   0       0       635.81  99.84   0.00    0.00    0.00    0.00    0.00    0.00    0.00    0.00    0.00    13.94   9.14    0.00    0.00    0.00    0.00    3100    0.000x20    0x10    5       252     7.18    3513    2995    1.22         792               0        0       8       61.19   19      54.85   0.15    29.61   20.24   43.10   88.310x10    0x8     1       195     5.52    3537    2995    1.43         418               0        0       5       68.96   12      56.97   0.51    26.65   8.55    59.39   65.90   2.59    22.69   50      00x10    0x8     2       130     3.13    4150    2995    1.66          28               0        0       1       57.79   6       70.02   0.00    0.15    0.58    96.15   65.910x18    0xc     3       231     6.61    3502    2995    1.04         712               0        0       5       65.43   14      61.54   0.16    14.34   19.85   59.31   73.17   2.19    14.96   49      00x18    0xc     4       144     3.66    3932    2995    2.52         145               0        0       3       62.21   10      57.58   0.02    0.90    1.09    94.37   73.170x28    0x14    6       253     6.89    3675    2995    1.73         502               0        0       7       67.48   17      54.54   0.27    32.76   9.28    51.18   68.22   1.12    22.95   51      00x28    0x14    7       15      0.43    3508    2995    1.16          38               0        0       1       63.70   1       48.03   0.00    1.38    0.19    98.02   68.220x0     0x0     8       244     8.96    2725    2995    1.19         685               0        0       5       63.76   14      59.75   0.65    33.42   15.25   42.64   77.07   13.39   0.00    51      00x0     0x1     9       200     8.02    2497    2995    0.70        1182               0        0       3       63.12   11      67.28   0.86    42.89   26.94   22.54   91.80   0.00    0.00    51      00x0     0x2     10      139     5.65    2450    2995    0.73        1016               0        0       2       72.81   8       73.92   0.65    46.20   6.61    41.93   89.01   5.12    0.00    50      00x0     0x3     11      121     4.95    2445    2995    0.63         604               0        0       2       63.89   7       70.81   0.83    35.87   12.23   47.28   87.69   7.01    0.00    50      00x8     0x4     12      90      3.57    2534    2995    0.89         474               0        0       2       63.48   6       66.07   0.04    18.40   11.90   66.28   41.81   53.73   0.00    51      00x8     0x5     13      218     7.97    2741    2995    0.68         669               0        0       3       71.16   11      65.41   1.83    38.58   5.31    48.37   83.53   8.15    0.00    51      00x8     0x6     14      114     4.30    2664    2995    1.59         331               0        0       3       64.12   7       58.10   0.06    8.68    11.73   75.39   32.87   62.17   0.00    51      00x8     0x7     15      88      3.89    2258    2995    0.73         704               0        0       2       69.65   6       64.15   0.40    10.40   35.49   50.40   53.47   41.63   0.00    51      00x40    0x20    16      99      4.08    2417    2995    0.23         121               0        0       3       55.56   3       51.35   0.00    0.38    3.61    91.98   2.89    92.56   0.00    55      00x40    0x21    17      3       0.14    2023    2995    1.39           4               0        0       0       54.42   0       43.84   0.00    0.00    0.00    99.86   0.00    99.67   0.00    55      0Module  Core    CPU     Avg_MHz Busy%   Bzy_MHz TSC_MHz IPC          IRQ             NMI        SMI     LLCMRPS LLC%hit L2MRPS  L2%hit  POLL%   C1E%    C6%     C10%    CPU%c1  CPU%c6  CPU%c7  CoreTmp CoreThr PkgTmp  GFX%rc6      GFXMHz  GFXAMHz SAM%mc6 SAMMHz  SAMAMHz Totl%C0 Any%C0  GFX%C0  CPUGFX% Pkg%pc2 Pkg%pc3 Pkg%pc6 Pkg%pc8 Pk%pc10 CPU%LPI SYS%LPI PkgWatt CorWatt GFXWatt RAMWatt PKG_%   RAM_%   UncMHz  Die%c6  SysWatt



  -       -       123     4.07    3035    2995    1.30        8486               1        0       49      66.21   135     60.23   0.36    18.66   10.85   66.56   61.30   31.86   4.54    55      0       54      100.01       0       0       100.01  0       0       581.16  99.85   0.00    0.00    0.00    0.00    0.00    0.00    0.00    0.00    0.00    13.25   8.57    0.00    0.00    0.00    0.00    3100    0.00    18.39

0x20    0x10    0       319     8.46    3768    2995    1.69         554               0        0       8       66.67   22      55.33   0.11    17.59   12.65   61.38   85.24   0.00    0.00    54      0       54      100.00       0       0       100.00  0       0       581.08  99.84   0.00    0.00    0.00    0.00    0.00    0.00    0.00    0.00    0.00    13.25   8.57    0.00    0.00    0.00    0.00    3100    0.000x20    0x10    5       243     6.92    3510    2995    0.81         761               0        0       7       62.47   16      54.95   0.22    21.70   19.16   52.32   85.230x10    0x8     1       195     5.68    3436    2995    1.71         550               0        0       7       73.85   16      50.33   0.00    16.33   12.01   66.08   51.02   6.10    36.71   54      00x10    0x8     2       4       0.13    2804    2995    0.40          17               0        0       0       78.44   0       36.00   0.00    0.00    0.13    99.76   51.020x18    0xc     3       146     4.16    3513    2995    1.06         486               0        0       3       68.80   8       57.01   0.37    46.72   6.52    42.73   76.82   0.52    14.73   53      00x18    0xc     4       144     3.71    3876    2995    2.67         300               0        0       3       65.64   10      59.39   0.04    1.75    12.57   82.01   76.820x28    0x14    6       244     6.94    3519    2995    1.64         709               1        0       7       66.25   18      56.52   0.08    11.70   21.33   60.13   77.27   2.96    12.13   53      00x28    0x14    7       13      0.45    2871    2995    0.26          85               0        0       0       56.86   1       40.09   0.00    0.04    0.24    99.28   77.270x0     0x0     8       143     5.65    2527    2995    1.28         691               0        0       3       64.30   8       65.01   0.34    31.60   27.40   35.60   87.31   6.66    0.00    52      00x0     0x1     9       130     5.11    2536    2995    0.80         599               0        0       2       61.93   7       67.29   0.59    34.19   9.64    51.35   73.34   21.20   0.00    52      00x0     0x2     10      182     6.56    2779    2995    1.20         605               0        0       4       63.65   9       62.06   0.74    30.89   3.21    59.55   57.72   35.34   0.00    52      00x0     0x3     11      171     6.49    2641    2995    0.92         791               0        0       2       58.81   6       70.56   1.81    37.99   10.78   45.02   85.68   7.55    0.00    52      00x8     0x4     12      61      3.12    1949    2995    0.77         645               0        0       1       69.62   4       80.60   0.19    18.64   25.87   52.61   63.75   32.35   0.00    52      00x8     0x5     13      81      3.32    2442    2995    0.69         554               0        0       1       58.52   4       78.20   0.57    26.07   3.88    66.96   55.05   41.06   0.00    52      00x8     0x6     14      84      3.97    2107    2995    0.70         896               0        0       0       74.15   4       87.85   0.79    28.61   25.33   42.41   74.40   21.34   0.00    52      00x8     0x7     15      59      2.35    2510    2995    0.56         235               0        0       1       65.07   3       73.79   0.58    12.14   4.57    81.05   25.49   71.52   0.00    52      00x40    0x20    16      1       0.03    1910    2995    0.29           4               0        0       0       51.66   0       42.77   0.00    0.00    0.00    99.97   0.00    99.79   0.00    55      00x40    0x21    17      3       0.14    2038    2995    1.51           4               0        0       0       54.24   0       46.10   0.00    0.00    0.00    99.86   0.00    99.68   0.00    55      0Module  Core    CPU     Avg_MHz Busy%   Bzy_MHz TSC_MHz IPC          IRQ             NMI        SMI     LLCMRPS LLC%hit L2MRPS  L2%hit  POLL%   C1E%    C6%     C10%    CPU%c1  CPU%c6  CPU%c7  CoreTmp CoreThr PkgTmp  GFX%rc6      GFXMHz  GFXAMHz SAM%mc6 SAMMHz  SAMAMHz Totl%C0 Any%C0  GFX%C0  CPUGFX% Pkg%pc2 Pkg%pc3 Pkg%pc6 Pkg%pc8 Pk%pc10 CPU%LPI SYS%LPI PkgWatt CorWatt GFXWatt RAMWatt PKG_%   RAM_%   UncMHz  Die%c6  SysWatt



  -       -       116     3.80    3056    2996    1.28        8210               0        0       45      68.60   130     61.25   0.41    18.14   9.33    68.88   59.06   31.06   6.87    55      0       54      100.04       0       0       100.04  0       0       582.56  99.85   0.00    0.00    0.00    0.00    0.00    0.00    0.00    0.00    0.00    13.04   8.38    0.00    0.00    0.00    0.00    3100    0.00    18.22

0x20    0x10    0       271     6.93    3904    2995    1.96         403               0        0       9       66.46   22      52.98   0.09    24.43   4.21    64.51   87.96   0.11    0.00    51      0       54      100.02       0       0       100.02  0       0       582.53  99.84   0.00    0.00    0.00    0.00    0.00    0.00    0.00    0.00    0.00    13.04   8.38    0.00    0.00    0.00    0.00    3100    0.000x20    0x10    5       176     5.20    3383    2995    1.02         763               0        0       4       65.36   12      63.90   0.09    8.08    20.52   66.28   87.960x10    0x8     1       241     6.49    3716    2995    1.62         504               0        0       7       69.39   18      56.82   0.30    41.88   8.11    43.64   74.06   0.59    18.21   50      00x10    0x8     2       6       0.19    3115    2995    0.43           7               0        0       0       60.36   0       44.03   0.00    0.00    0.00    99.82   74.060x18    0xc     3       146     4.19    3491    2995    0.75         462               0        0       3       72.79   7       52.06   0.92    27.95   7.40    60.58   59.49   1.39    31.91   53      00x18    0xc     4       139     3.48    3993    2995    2.58          90               0        0       3       66.89   9       57.30   0.11    0.00    0.11    96.43   59.490x28    0x14    6       196     5.50    3560    2995    2.05         419               0        0       6       71.96   14      52.26   0.04    9.06    9.73    75.80   45.30   2.38    46.09   52      00x28    0x14    7       8       0.36    2102    2995    0.31          72               0        0       0       74.66   1       29.87   0.00    0.05    0.00    99.60   45.300x0     0x0     8       244     8.75    2784    2995    1.11         626               0        0       5       68.91   14      61.70   0.75    24.20   11.32   55.94   69.09   21.55   0.00    49      00x0     0x1     9       114     4.87    2347    2995    0.66        1218               0        0       1       67.40   6       73.81   0.69    33.69   38.33   23.44   94.95   0.00    0.00    49      00x0     0x2     10      144     5.37    2674    2995    0.60         933               0        0       1       72.02   6       76.57   1.30    40.91   17.73   36.34   88.25   6.05    0.00    50      00x0     0x3     11      93      3.81    2432    2995    0.67         776               0        0       1       71.49   5       75.67   0.35    27.91   23.44   45.11   79.79   16.01   0.00    50      00x8     0x4     12      66      2.59    2557    2995    0.55         352               0        0       1       73.97   3       75.28   0.93    22.61   7.06    67.88   47.45   49.61   0.00    53      00x8     0x5     13      107     4.33    2473    2995    0.51         614               0        0       1       67.42   4       79.76   1.35    26.13   8.10    61.65   60.04   34.84   0.00    53      00x8     0x6     14      75      3.18    2356    2995    0.82         602               0        0       1       63.04   4       78.53   0.44    24.84   2.43    69.78   53.52   42.94   0.00    53      00x8     0x7     15      62      2.96    2081    2995    0.77         360               0        0       1       64.06   4       70.05   0.11    14.72   9.44    73.06   36.25   59.88   0.00    53      00x40    0x20    16      1       0.04    1388    2995    0.38           6               0        0       0       51.74   0       42.60   0.00    0.00    0.00    99.96   0.00    99.78   0.00    55      00x40    0x21    17      2       0.12    1976    2995    1.63           3               0        0       0       53.81   0       47.32   0.00    0.00    0.00    99.88   0.01    99.70   0.00    55      0Module  Core    CPU     Avg_MHz Busy%   Bzy_MHz TSC_MHz IPC          IRQ             NMI        SMI     LLCMRPS LLC%hit L2MRPS  L2%hit  POLL%   C1E%    C6%     C10%    CPU%c1  CPU%c6  CPU%c7  CoreTmp CoreThr PkgTmp  GFX%rc6      GFXMHz  GFXAMHz SAM%mc6 SAMMHz  SAMAMHz Totl%C0 Any%C0  GFX%C0  CPUGFX% Pkg%pc2 Pkg%pc3 Pkg%pc6 Pkg%pc8 Pk%pc10 CPU%LPI SYS%LPI PkgWatt CorWatt GFXWatt RAMWatt PKG_%   RAM_%   UncMHz  Die%c6  SysWatt



  -       -       126     4.00    3155    2995    1.17        8252               0        0       46      67.39   129     60.56   0.52    17.11   9.87    69.13   61.29   35.46   2.93    54      0       54      99.900       0       100.00  0       0       526.42  99.83   0.00    0.00    0.00    0.00    0.00    0.00    0.00    0.00    0.00    13.61   8.94    0.00    0.00    0.00    0.00    3100    0.00    18.89

0x20    0x10    0       139     3.80    3665    2995    1.83         315               0        0       3       65.05   8       56.02   0.21    3.56    5.19    87.50   83.97   0.79    4.94    53      0       54      99.920       0       100.02  0       0       526.46  99.84   0.00    0.00    0.00    0.00    0.00    0.00    0.00    0.00    0.00    13.62   8.94    0.00    0.00    0.00    0.00    3100    0.000x20    0x10    5       255     7.28    3505    2995    1.21         878               0        0       5       69.48   14      62.77   1.06    39.96   21.27   31.64   83.970x10    0x8     1       250     7.25    3450    2995    1.13         803               0        0       7       78.33   17      56.74   0.30    14.89   17.13   60.86   54.01   5.07    33.01   53      00x10    0x8     2       6       0.19    3305    2995    0.30          23               0        0       0       57.30   0       40.03   0.00    0.05    0.00    99.77   54.010x18    0xc     3       194     5.81    3334    2995    0.98        1165               0        0       4       64.66   12      60.96   0.58    23.78   36.05   34.52   87.75   0.08    3.14    53      00x18    0xc     4       145     3.64    3984    2995    2.60          94               0        0       3       62.75   10      58.90   0.15    0.31    0.20    95.86   87.750x28    0x14    6       281     7.65    3673    2995    1.18         937               0        0       7       61.99   17      57.30   1.29    42.23   27.70   22.57   91.55   0.00    0.00    54      00x28    0x14    7       6       0.27    2086    2995    0.38          65               0        0       0       56.85   0       53.09   0.00    0.05    0.00    99.69   91.550x0     0x0     8       202     6.71    3012    2995    0.97         513               0        0       4       65.86   10      57.56   0.91    28.44   11.14   53.95   85.95   6.95    0.00    50      00x0     0x1     9       265     8.82    3003    2995    1.36         707               0        0       6       64.18   14      58.48   0.45    31.92   10.87   48.63   75.21   15.38   0.00    51      00x0     0x2     10      216     7.19    3000    2995    0.67         781               0        0       3       68.16   9       63.41   1.93    43.84   10.55   38.72   80.15   12.33   0.00    51      00x0     0x3     11      88      3.49    2533    2995    0.72         577               0        0       2       64.12   5       64.50   0.48    17.97   19.97   58.78   70.95   25.15   0.00    50      00x8     0x4     12      38      1.88    2030    2995    0.81         341               0        0       0       74.38   3       82.83   0.11    14.94   3.00    80.34   34.15   63.42   0.00    52      00x8     0x5     13      67      3.05    2193    2995    0.59         399               0        0       1       76.92   4       63.99   0.39    13.72   8.11    75.29   43.63   52.31   0.00    52      00x8     0x6     14      52      2.26    2305    2995    0.61         291               0        0       0       73.28   3       77.55   0.55    11.95   3.71    82.24   37.57   59.65   0.00    52      00x8     0x7     15      66      2.59    2536    2995    0.53         352               0        0       0       74.05   3       80.94   0.95    20.37   2.86    74.32   41.13   55.77   0.00    52      00x40    0x20    16      1       0.06    1444    2995    0.33           7               0        0       0       47.54   0       39.67   0.00    0.00    0.00    99.95   0.01    99.76   0.00    54      00x40    0x21    17      3       0.14    2084    2995    1.50           4               0        0       0       53.39   0       46.75   0.00    0.00    0.00    99.87   0.01    99.68   0.00    54      0Module  Core    CPU     Avg_MHz Busy%   Bzy_MHz TSC_MHz IPC          IRQ             NMI        SMI     LLCMRPS LLC%hit L2MRPS  L2%hit  POLL%   C1E%    C6%     C10%    CPU%c1  CPU%c6  CPU%c7  CoreTmp CoreThr PkgTmp  GFX%rc6      GFXMHz  GFXAMHz SAM%mc6 SAMMHz  SAMAMHz Totl%C0 Any%C0  GFX%C0  CPUGFX% Pkg%pc2 Pkg%pc3 Pkg%pc6 Pkg%pc8 Pk%pc10 CPU%LPI SYS%LPI PkgWatt CorWatt GFXWatt RAMWatt PKG_%   RAM_%   UncMHz  Die%c6  SysWatt



  -       -       122     3.98    3052    2995    1.24        8356               0        0       44      66.79   130     61.86   0.44    18.82   10.35   66.98   62.78   33.87   2.99    54      0       54      100.02       0       0       100.02  0       0       548.21  99.83   0.00    0.00    0.00    0.00    0.00    0.00    0.00    0.00    0.00    13.13   8.48    0.00    0.00    0.00    0.00    3100    0.00    18.40

0x20    0x10    0       146     4.30    3386    2995    1.12         477               0        0       3       67.10   9       60.35   0.23    29.97   10.40   55.44   91.95   0.00    0.00    52      0       54      100.02       0       0       100.02  0       0       548.24  99.84   0.00    0.00    0.00    0.00    0.00    0.00    0.00    0.00    0.00    13.14   8.48    0.00    0.00    0.00    0.00    3100    0.000x20    0x10    5       164     4.36    3756    2995    2.00         354               0        0       3       64.76   10      60.44   0.18    17.57   5.83    72.30   91.960x10    0x8     1       232     6.76    3429    2995    1.01         685               0        0       7       68.17   17      54.45   0.09    15.03   18.34   59.97   63.78   5.82    23.05   52      00x10    0x8     2       7       0.22    2927    2995    0.51           8               0        0       0       57.42   0       42.34   0.00    0.00    0.00    99.78   63.780x18    0xc     3       215     5.97    3591    2995    1.26         617               0        0       4       68.94   12      58.64   0.26    20.76   16.44   56.93   72.06   1.25    18.85   50      00x18    0xc     4       151     3.80    3980    2995    2.18          91               0        0       3       65.92   9       59.06   0.15    0.02    0.10    96.08   72.060x28    0x14    6       286     7.55    3790    2995    1.83         553               0        0       8       65.90   21      56.19   0.49    41.07   8.24    43.25   91.73   0.00    0.00    52      00x28    0x14    7       6       0.29    2073    2995    0.38          70               0        0       0       58.53   0       51.39   0.00    0.02    0.10    99.61   91.730x0     0x0     8       221     8.19    2697    2995    0.91         939               0        0       4       63.33   12      66.21   0.91    33.95   17.36   40.82   86.33   5.19    0.00    50      00x0     0x1     9       223     8.32    2680    2995    0.85        1234               0        0       2       70.93   10      74.86   2.32    56.44   9.50    26.18   89.81   1.60    0.00    50      00x0     0x2     10      139     5.73    2425    2995    0.68         949               0        0       1       74.72   7       74.27   1.26    38.99   28.14   27.51   94.09   0.00    0.00    50      00x0     0x3     11      129     5.12    2520    2995    0.60         934               0        0       1       73.73   5       79.22   1.51    43.52   12.89   38.83   92.27   2.36    0.00    50      00x8     0x4     12      172     6.87    2498    2995    1.17         922               0        0       4       65.95   10      56.99   0.16    23.34   49.02   21.01   89.81   3.04    0.00    52      00x8     0x5     13      47      1.98    2352    2995    1.10         249               0        0       1       57.84   3       67.24   0.07    7.94    6.80    83.37   16.68   80.62   0.00    52      00x8     0x6     14      35      1.43    2448    2995    0.67         134               0        0       1       64.18   2       67.51   0.26    5.77    1.91    90.95   12.11   85.80   0.00    52      00x8     0x7     15      14      0.62    2239    2995    0.72         131               0        0       0       69.09   1       77.55   0.04    4.45    1.30    93.68   9.87    89.05   0.00    52      00x40    0x20    16      1       0.04    1529    2995    0.32           6               0        0       0       50.43   0       37.56   0.00    0.00    0.00    99.96   0.00    99.78   0.00    54      00x40    0x21    17      3       0.13    2050    2995    1.51           3               0        0       0       54.65   0       44.24   0.00    0.00    0.00    99.88   0.00    99.69   0.00    54      0Module  Core    CPU     Avg_MHz Busy%   Bzy_MHz TSC_MHz IPC          IRQ             NMI        SMI     LLCMRPS LLC%hit L2MRPS  L2%hit  POLL%   C1E%    C6%     C10%    CPU%c1  CPU%c6  CPU%c7  CoreTmp CoreThr PkgTmp  GFX%rc6      GFXMHz  GFXAMHz SAM%mc6 SAMMHz  SAMAMHz Totl%C0 Any%C0  GFX%C0  CPUGFX% Pkg%pc2 Pkg%pc3 Pkg%pc6 Pkg%pc8 Pk%pc10 CPU%LPI SYS%LPI PkgWatt CorWatt GFXWatt RAMWatt PKG_%   RAM_%   UncMHz  Die%c6  SysWatt



  -       -       145     4.46    3252    2995    1.43        8315               0        0       45      63.19   132     61.32   0.63    16.97   10.49   68.19   60.98   39.09   0.97    54      0       54      99.980       0       99.98   0       0       477.85  99.84   0.00    0.00    0.00    0.00    0.00    0.00    0.00    0.00    0.00    14.59   9.93    0.00    0.00    0.00    0.00    3100    0.00    20.00

0x20    0x10    0       457     11.35   4029    2995    2.19         478               0        0       6       59.95   16      56.48   1.00    28.78   6.69    53.26   85.88   0.00    0.00    52      0       54      100.00       0       0       100.00  0       0       477.86  99.84   0.00    0.00    0.00    0.00    0.00    0.00    0.00    0.00    0.00    14.59   9.93    0.00    0.00    0.00    0.00    3100    0.000x20    0x10    5       149     4.16    3589    2995    1.75         807               0        0       3       66.04   9       62.88   0.30    16.66   31.00   48.28   85.880x10    0x8     1       267     7.72    3462    2995    1.52         826               0        0       6       58.93   16      60.78   0.30    15.68   23.29   53.41   81.45   2.03    7.75    49      00x10    0x8     2       31      0.78    4016    2995    0.89          48               0        0       1       42.09   2       57.59   0.00    0.00    0.06    99.17   81.450x18    0xc     3       245     7.22    3393    2995    1.07        1005               0        0       7       63.34   18      56.28   0.26    23.00   34.24   35.67   84.33   0.60    3.95    53      00x18    0xc     4       150     3.75    4007    2995    2.65          97               0        0       3       63.13   10      58.05   0.15    0.31    0.19    95.76   84.330x28    0x14    6       214     5.77    3704    2995    1.80         955               0        0       6       64.14   16      56.18   0.46    27.75   47.35   19.28   90.98   0.77    1.84    52      00x28    0x14    7       5       0.23    2288    2995    0.43          69               0        0       0       60.70   0       55.19   0.00    0.06    0.00    99.72   90.980x0     0x0     8       198     7.20    2747    2995    0.53         701               0        0       2       67.09   8       72.26   2.22    40.10   13.25   39.81   79.65   12.80   0.00    50      00x0     0x1     9       194     6.84    2833    2995    0.79         869               0        0       3       63.64   10      67.29   1.04    43.31   9.27    40.93   89.13   3.78    0.00    50      00x0     0x2     10      203     7.01    2900    2995    0.93         746               0        0       1       66.62   7       75.07   2.14    38.43   4.96    49.91   77.71   14.88   0.00    50      00x0     0x3     11      172     6.08    2834    2995    0.49         887               0        0       1       65.18   6       79.17   2.29    42.97   9.82    41.48   81.50   12.07   0.00    50      00x8     0x4     12      49      2.10    2353    2995    0.98         182               0        0       1       74.21   3       52.36   0.17    5.40    2.78    89.82   20.86   76.17   0.00    52      00x8     0x5     13      62      2.20    2832    2995    0.75         139               0        0       1       63.11   2       62.02   0.71    5.44    3.58    88.84   21.47   75.87   0.00    52      00x8     0x6     14      112     4.12    2717    2995    1.92         224               0        0       3       71.14   7       58.55   0.11    7.05    1.62    87.30   22.37   72.62   0.00    51      00x8     0x7     15      98      3.60    2724    2995    1.52         276               0        0       1       58.30   3       59.46   0.24    10.53   0.74    85.23   19.64   76.11   0.00    51      00x40    0x20    16      1       0.05    1376    2995    0.40           3               0        0       0       50.73   0       42.25   0.00    0.00    0.00    99.95   0.00    99.78   0.00    54      00x40    0x21    17      3       0.14    2073    2995    1.50           3               0        0       0       54.73   0       48.22   0.00    0.00    0.00    99.86   0.01    99.68   0.00    54      0Module  Core    CPU     Avg_MHz Busy%   Bzy_MHz TSC_MHz IPC          IRQ             NMI        SMI     LLCMRPS LLC%hit L2MRPS  L2%hit  POLL%   C1E%    C6%     C10%    CPU%c1  CPU%c6  CPU%c7  CoreTmp CoreThr PkgTmp  GFX%rc6      GFXMHz  GFXAMHz SAM%mc6 SAMMHz  SAMAMHz Totl%C0 Any%C0  GFX%C0  CPUGFX% Pkg%pc2 Pkg%pc3 Pkg%pc6 Pkg%pc8 Pk%pc10 CPU%LPI SYS%LPI PkgWatt CorWatt GFXWatt RAMWatt PKG_%   RAM_%   UncMHz  Die%c6  SysWatt



  -       -       117     3.62    3226    2995    1.26        7875               0        0       41      68.39   121     62.50   0.62    17.94   8.64    69.93   56.70   41.41   3.34    55      0       54      100.01       0       0       100.01  0       0       437.65  99.85   0.00    0.00    0.00    0.00    0.00    0.00    0.00    0.00    0.00    13.77   9.20    0.00    0.00    0.00    0.00    3100    0.00    18.90

0x20    0x10    0       200     5.20    3856    2995    2.09         421               0        0       6       68.06   15      56.36   0.09    17.37   8.88    68.62   88.44   0.00    0.00    55      0       54      99.990       0       99.99   0       0       437.61  99.84   0.00    0.00    0.00    0.00    0.00    0.00    0.00    0.00    0.00    13.76   9.20    0.00    0.00    0.00    0.00    3100    0.000x20    0x10    5       269     7.45    3611    2995    0.89         745               0        0       5       70.03   13      61.51   1.59    40.41   15.30   36.99   88.440x10    0x8     1       339     8.97    3780    2995    1.83         780               0        0       11      67.75   28      56.03   0.27    49.43   15.44   26.29   90.52   0.00    0.00    53      00x10    0x8     2       2       0.05    3280    2995    0.38           2               0        0       0       65.79   0       41.12   0.00    0.00    0.00    99.95   90.520x18    0xc     3       206     6.39    3226    2995    0.82        1011               0        0       4       66.21   13      66.17   0.46    21.29   28.84   43.62   90.09   0.10    0.00    55      00x18    0xc     4       128     3.24    3951    2995    2.79          76               0        0       3       65.81   9       57.88   0.04    0.22    0.08    96.46   90.100x28    0x14    6       176     4.73    3714    2995    1.57         382               0        0       4       73.59   9       55.81   0.99    24.05   8.20    63.11   47.39   0.36    46.77   54      00x28    0x14    7       7       0.33    2165    2995    0.31          66               0        0       0       76.17   1       30.88   0.00    0.02    0.17    99.50   47.390x0     0x0     8       163     5.79    2821    2995    0.87         878               0        0       2       66.21   7       75.59   1.50    35.87   22.90   35.75   89.17   4.71    0.00    54      00x0     0x1     9       174     6.21    2809    2995    0.71        1015               0        0       1       67.72   6       78.23   2.05    35.36   28.47   30.32   93.50   0.09    0.00    54      00x0     0x2     10      186     6.57    2837    2995    0.63        1089               0        0       1       73.77   7       83.45   2.10    50.93   11.41   31.54   93.24   0.00    0.00    54      00x0     0x3     11      133     4.90    2714    2995    0.70         945               0        0       1       67.25   6       81.11   1.26    39.70   12.34   43.39   84.51   10.19   0.00    53      00x8     0x4     12      33      1.38    2395    2995    1.63          33               0        0       1       79.11   2       47.38   0.00    0.90    0.76    96.99   2.17    95.68   0.00    52      00x8     0x5     13      43      1.73    2502    2995    0.37         264               0        0       0       79.35   1       63.17   0.74    5.76    1.75    90.84   23.41   74.32   0.00    52      00x8     0x6     14      8       0.41    1989    2995    0.87          44               0        0       0       70.49   1       59.93   0.00    0.19    0.17    99.25   0.23    98.76   0.00    51      00x8     0x7     15      15      0.73    2017    2995    0.34          67               0        0       1       70.03   1       46.54   0.00    0.42    0.88    98.00   0.49    97.99   0.00    52      00x40    0x20    16      16      0.95    1642    2995    0.21          54               0        0       1       44.83   1       36.08   0.00    0.91    0.00    98.16   0.95    97.86   0.00    55      00x40    0x21    17      2       0.12    2038    2995    1.58           3               0        0       0       53.39   0       46.78   0.00    0.00    0.00    99.88   0.00    99.70   0.00    55      0Module  Core    CPU     Avg_MHz Busy%   Bzy_MHz TSC_MHz IPC          IRQ             NMI        SMI     LLCMRPS LLC%hit L2MRPS  L2%hit  POLL%   C1E%    C6%     C10%    CPU%c1  CPU%c6  CPU%c7  CoreTmp CoreThr PkgTmp  GFX%rc6      GFXMHz  GFXAMHz SAM%mc6 SAMMHz  SAMAMHz Totl%C0 Any%C0  GFX%C0  CPUGFX% Pkg%pc2 Pkg%pc3 Pkg%pc6 Pkg%pc8 Pk%pc10 CPU%LPI SYS%LPI PkgWatt CorWatt GFXWatt RAMWatt PKG_%   RAM_%   UncMHz  Die%c6  SysWatt



  -       -       117     3.79    3072    2995    1.25        8285               0        0       43      67.30   124     61.92   0.51    17.38   9.17    69.79   61.28   37.80   1.97    55      0       54      99.980       0       99.98   0       0       490.38  99.83   0.00    0.00    0.00    0.00    0.00    0.00    0.00    0.00    0.00    13.70   9.10    0.00    0.00    0.00    0.00    3100    0.00    18.79

0x20    0x10    0       187     4.98    3756    2995    2.24         348               0        0       5       62.94   13      56.54   0.06    5.70    6.31    83.10   88.86   0.20    1.61    53      0       54      99.990       0       99.99   0       0       490.41  99.84   0.00    0.00    0.00    0.00    0.00    0.00    0.00    0.00    0.00    13.70   9.10    0.00    0.00    0.00    0.00    3100    0.000x20    0x10    5       137     4.31    3172    2995    0.78         879               0        0       3       61.85   8       60.90   0.37    11.25   30.00   54.55   88.860x10    0x8     1       254     6.87    3692    2995    1.77         818               0        0       9       67.84   21      55.31   0.24    45.33   12.52   35.44   86.29   0.31    5.93    52      00x10    0x8     2       2       0.09    2565    2995    0.52           3               0        0       0       64.63   0       44.68   0.00    0.00    0.00    99.92   86.290x18    0xc     3       233     6.96    3343    2995    0.67         845               0        0       5       72.46   13      60.31   1.09    17.09   24.18   51.91   79.93   2.00    7.62    52      00x18    0xc     4       141     3.53    3994    2995    2.65         107               0        0       3       64.63   10      57.62   0.19    1.59    0.00    94.89   79.930x28    0x14    6       156     4.82    3235    2995    0.84         733               0        0       3       75.07   9       62.44   0.53    31.60   23.67   40.08   78.58   3.39    12.42   52      00x28    0x14    7       6       0.28    2120    2995    0.39          61               0        0       0       68.13   1       48.06   0.00    0.00    0.00    99.73   78.580x0     0x0     8       133     5.20    2560    2995    0.73         717               0        0       1       68.59   6       76.30   1.19    38.82   10.24   46.06   79.33   15.05   0.00    51      00x0     0x1     9       210     7.42    2827    2995    1.30         878               0        0       3       67.91   10      69.45   1.53    36.57   16.87   39.45   84.60   7.68    0.00    51      00x0     0x2     10      184     6.67    2755    2995    0.61        1163               0        0       1       74.61   7       78.18   2.04    57.36   10.44   25.96   84.27   8.72    0.00    51      00x0     0x3     11      178     6.14    2891    2995    0.99         710               0        0       2       61.44   8       66.41   1.48    29.05   14.69   50.36   84.31   9.20    0.00    51      00x8     0x4     12      189     6.59    2861    2995    1.46         322               0        0       5       65.01   11      54.47   0.29    13.68   7.54    72.30   35.76   56.89   0.00    51      00x8     0x5     13      39      1.91    2062    2995    0.81         439               0        0       0       77.17   3       80.37   0.09    17.18   5.01    76.07   36.57   61.02   0.00    51      00x8     0x6     14      21      1.07    1954    2995    0.50         128               0        0       1       78.18   2       62.04   0.02    3.65    2.73    92.63   19.19   78.86   0.00    52      00x8     0x7     15      21      0.93    2213    2995    0.53         107               0        0       0       65.48   2       68.24   0.04    3.68    0.84    94.60   11.37   87.00   0.00    52      00x40    0x20    16      6       0.36    1631    2995    0.25          23               0        0       0       45.96   0       37.53   0.00    0.19    0.00    99.46   0.20    99.24   0.00    55      00x40    0x21    17      3       0.15    1991    2995    1.47           4               0        0       0       53.75   0       46.82   0.00    0.03    0.00    99.83   0.03    99.65   0.00    55      0Module  Core    CPU     Avg_MHz Busy%   Bzy_MHz TSC_MHz IPC          IRQ             NMI        SMI     LLCMRPS LLC%hit L2MRPS  L2%hit  POLL%   C1E%    C6%     C10%    CPU%c1  CPU%c6  CPU%c7  CoreTmp CoreThr PkgTmp  GFX%rc6      GFXMHz  GFXAMHz SAM%mc6 SAMMHz  SAMAMHz Totl%C0 Any%C0  GFX%C0  CPUGFX% Pkg%pc2 Pkg%pc3 Pkg%pc6 Pkg%pc8 Pk%pc10 CPU%LPI SYS%LPI PkgWatt CorWatt GFXWatt RAMWatt PKG_%   RAM_%   UncMHz  Die%c6  SysWatt



  -       -       184     5.83    3164    2996    1.01       11282               0        0       65      61.37   178     59.73   0.78    18.79   13.14   62.42   67.56   30.51   0.00    56      0       56      57.37800     600     99.90   100     450     604.27  99.85   29.61   29.61   0.00    0.00    0.00    0.00    0.00    0.00    0.00    17.37   10.61   1.05    0.00    0.00    0.00    3100    0.00    27.20

0x20    0x10    0       271     7.16    3789    2995    0.96         513               0        0       7       53.61   15      49.24   0.48    3.53    11.20   78.16   87.04   0.00    0.01    55      0       56      57.35800     600     99.87   100     450     604.21  99.84   29.60   29.60   0.00    0.00    0.00    0.00    0.00    0.00    0.00    17.37   10.60   1.05    0.00    0.00    0.00    3100    0.000x20    0x10    5       252     6.96    3625    2995    1.39         680               0        0       6       57.31   16      55.52   0.61    18.81   18.52   55.82   87.030x10    0x8     1       322     8.58    3756    2995    1.11         857               0        0       7       66.00   20      58.67   0.76    41.87   24.31   25.39   84.58   0.00    0.00    56      00x10    0x8     2       304     7.58    4004    2995    0.49         494               0        0       6       66.12   12      46.60   0.40    3.03    15.20   74.24   84.590x18    0xc     3       237     6.42    3690    2995    1.19         708               0        0       7       63.87   17      55.49   0.49    24.02   15.56   54.12   90.29   0.00    0.00    54      00x18    0xc     4       135     3.58    3765    2995    1.99         273               0        0       3       61.36   8       57.00   0.49    2.80    1.90    91.76   90.290x28    0x14    6       186     5.32    3491    2995    0.86         860               0        0       4       62.20   11      57.40   0.64    31.87   34.76   28.20   88.81   0.51    0.00    54      00x28    0x14    7       223     6.02    3699    2995    0.76        1162               0        0       5       60.68   12      55.14   0.46    8.48    19.61   65.98   88.800x0     0x0     8       234     8.86    2640    2995    0.67        1022               0        0       3       60.99   10      67.48   1.67    31.70   24.54   35.22   90.84   0.11    0.00    52      00x0     0x1     9       247     9.23    2676    2995    1.40         744               0        0       5       60.57   13      62.53   0.85    21.37   17.74   51.88   69.45   20.81   0.00    52      00x0     0x2     10      176     7.01    2511    2995    0.67        1319               0        0       2       62.98   9       76.59   1.28    47.30   10.36   35.75   87.12   5.50    0.00    52      00x0     0x3     11      129     4.88    2639    2995    0.74         640               0        0       2       61.12   7       70.80   1.01    23.34   17.46   54.55   72.52   21.93   0.00    52      00x8     0x4     12      185     6.91    2675    2995    1.47         434               0        0       3       59.32   10      64.74   0.64    17.20   5.24    70.79   47.59   44.58   0.00    53      00x8     0x5     13      159     6.08    2619    2995    1.41         630               0        0       3       63.03   9       67.58   0.60    21.13   13.15   59.80   54.99   37.88   0.00    53      00x8     0x6     14      137     5.24    2616    2995    0.62         496               0        0       1       66.23   5       72.92   2.05    23.90   3.04    68.03   58.05   36.11   0.00    53      00x8     0x7     15      77      3.09    2483    2995    0.64         403               0        0       1       66.37   3       76.86   0.89    17.62   2.28    77.17   31.25   65.07   0.00    53      00x40    0x20    16      32      1.38    2297    2995    0.33          39               0        0       1       52.92   1       46.91   0.34    0.09    1.29    97.26   1.48    96.76   0.00    55      00x40    0x21    17      12      0.54    2230    2995    0.39           8               0        0       0       64.23   0       49.83   0.34    0.00    0.35    99.11   1.33    97.87   0.00    55      0Module  Core    CPU     Avg_MHz Busy%   Bzy_MHz TSC_MHz IPC          IRQ             NMI        SMI     LLCMRPS LLC%hit L2MRPS  L2%hit  POLL%   C1E%    C6%     C10%    CPU%c1  CPU%c6  CPU%c7  CoreTmp CoreThr PkgTmp  GFX%rc6      GFXMHz  GFXAMHz SAM%mc6 SAMMHz  SAMAMHz Totl%C0 Any%C0  GFX%C0  CPUGFX% Pkg%pc2 Pkg%pc3 Pkg%pc6 Pkg%pc8 Pk%pc10 CPU%LPI SYS%LPI PkgWatt CorWatt GFXWatt RAMWatt PKG_%   RAM_%   UncMHz  Die%c6  SysWatt



  -       -       141     4.55    3104    2995    1.08        9434               0        0       60      64.70   145     59.52   0.46    18.58   12.39   64.61   60.95   37.00   1.82    55      0       55      85.14800     500     99.78   100     450     511.27  99.84   11.82   11.82   0.00    0.00    0.00    0.00    0.00    0.00    0.00    15.25   9.44    0.35    0.00    0.00    0.00    3100    0.00    25.37

0x20    0x10    0       169     4.81    3517    2995    1.00         594               0        0       4       61.48   11      60.79   0.39    40.22   12.04   43.05   92.59   0.00    0.00    52      0       55      85.16800     500     99.80   100     450     511.30  99.84   11.82   11.82   0.00    0.00    0.00    0.00    0.00    0.00    0.00    15.25   9.45    0.35    0.00    0.00    0.00    3100    0.000x20    0x10    5       63      2.27    2803    2995    1.30        1107               0        0       1       65.25   4       68.39   0.05    10.73   66.57   20.58   92.590x10    0x8     1       143     4.37    3283    2995    1.08         786               0        0       5       69.78   11      53.24   0.04    10.64   28.53   56.58   75.79   3.29    14.09   53      00x10    0x8     2       93      2.40    3877    2995    0.24         154               0        0       2       75.07   4       43.94   0.00    1.38    6.23    90.03   75.790x18    0xc     3       153     4.61    3306    2995    1.06         670               0        0       5       67.64   12      52.23   0.06    15.93   17.42   62.14   74.92   3.60    11.39   54      00x18    0xc     4       210     5.26    3990    2995    1.98         208               0        0       4       55.51   12      54.35   0.02    1.56    0.58    92.62   74.920x28    0x14    6       325     8.68    3740    2995    1.06         701               0        0       9       67.64   22      55.67   0.72    42.62   16.63   32.21   84.94   0.00    0.00    54      00x28    0x14    7       265     6.69    3957    2995    1.60         516               0        0       6       59.01   15      52.56   0.11    5.28    7.19    80.89   84.940x0     0x0     8       225     8.07    2792    2995    0.71        1075               0        0       3       62.88   10      68.67   2.03    48.90   13.95   29.46   91.75   0.00    0.00    51      00x0     0x1     9       186     6.62    2802    2995    0.75         820               0        0       3       67.94   10      66.50   1.04    35.25   15.88   42.55   83.43   9.47    0.00    51      00x0     0x2     10      173     6.38    2707    2995    0.63        1088               0        0       2       71.01   8       75.79   1.35    48.19   11.26   34.54   89.68   3.72    0.00    51      00x0     0x3     11      160     5.79    2757    2995    0.57         722               0        0       2       69.30   7       72.46   1.69    40.95   14.07   39.52   88.74   5.17    0.00    51      00x8     0x4     12      63      2.78    2268    2995    0.82         295               0        0       1       69.21   4       60.28   0.27    9.06    5.69    82.57   33.26   62.93   0.00    52      00x8     0x5     13      40      1.73    2295    2995    0.47         196               0        0       1       62.64   2       64.26   0.36    7.64    1.95    88.77   18.83   78.53   0.00    52      00x8     0x6     14      20      0.90    2192    2995    0.63         123               0        0       0       68.91   1       79.09   0.06    7.34    1.95    89.86   12.27   86.16   0.00    52      00x8     0x7     15      33      1.47    2230    2995    0.57         254               0        0       0       65.16   2       71.37   0.17    8.78    2.84    87.00   22.76   74.97   0.00    52      00x40    0x20    16      113     4.57    2467    2995    1.74          60               0        0       6       62.92   6       57.52   0.00    0.00    0.15    95.30   0.00    94.98   0.00    55      00x40    0x21    17      108     4.42    2437    2995    1.69          65               0        0       6       61.38   6       55.63   0.00    0.00    0.16    95.44   0.00    95.14   0.00    55      0Module  Core    CPU     Avg_MHz Busy%   Bzy_MHz TSC_MHz IPC          IRQ             NMI        SMI     LLCMRPS LLC%hit L2MRPS  L2%hit  POLL%   C1E%    C6%     C10%    CPU%c1  CPU%c6  CPU%c7  CoreTmp CoreThr PkgTmp  GFX%rc6      GFXMHz  GFXAMHz SAM%mc6 SAMMHz  SAMAMHz Totl%C0 Any%C0  GFX%C0  CPUGFX% Pkg%pc2 Pkg%pc3 Pkg%pc6 Pkg%pc8 Pk%pc10 CPU%LPI SYS%LPI PkgWatt CorWatt GFXWatt RAMWatt PKG_%   RAM_%   UncMHz  Die%c6  SysWatt



  -       -       128     4.09    3117    2995    1.19        8594               0        0       47      65.83   137     60.97   0.54    16.22   10.54   69.29   59.46   37.45   2.98    55      0       54      96.11800     600     99.80   100     450     496.57  99.84   1.81    1.81    0.00    0.00    0.00    0.00    0.00    0.00    0.00    14.28   9.14    0.06    0.00    0.00    0.00    3100    0.00    23.49

0x20    0x10    0       120     3.68    3263    2995    1.24         548               0        0       3       64.57   9       61.24   0.00    3.02    15.98   77.38   89.87   0.00    0.00    54      0       54      96.10800     600     99.79   100     450     496.56  99.84   1.81    1.81    0.00    0.00    0.00    0.00    0.00    0.00    0.00    14.27   9.14    0.06    0.00    0.00    0.00    3100    0.000x20    0x10    5       230     6.35    3618    2995    1.38         639               0        0       6       67.63   16      56.32   0.31    49.06   16.32   28.41   89.870x10    0x8     1       273     7.30    3738    2995    1.92         687               0        0       9       69.12   22      52.01   0.17    21.26   22.92   48.64   63.05   3.50    24.46   54      00x10    0x8     2       59      1.54    3843    2995    0.39          50               0        0       1       47.63   2       41.43   0.00    0.24    0.59    97.65   63.050x18    0xc     3       251     7.26    3464    2995    0.84         871               0        0       6       67.98   16      59.30   0.19    20.63   26.15   46.07   86.87   0.35    2.57    51      00x18    0xc     4       131     3.36    3893    2995    2.56         140               0        0       3       65.03   9       57.23   0.02    2.55    0.63    93.47   86.870x28    0x14    6       134     4.10    3265    2995    1.23         631               0        0       5       67.42   11      54.29   0.01    14.44   19.03   62.52   75.84   1.36    14.72   51      00x28    0x14    7       149     3.85    3862    2995    2.33         201               0        0       4       61.50   10      56.13   0.06    1.09    1.47    93.62   75.840x0     0x0     8       157     5.80    2710    2995    1.38         472               0        0       3       62.28   9       62.82   0.35    15.53   12.65   66.21   55.10   38.24   0.00    51      00x0     0x1     9       149     5.18    2870    2995    0.57         745               0        0       1       63.28   5       67.78   1.68    20.33   25.12   49.61   63.19   31.15   0.00    51      00x0     0x2     10      108     4.00    2693    2995    0.46         563               0        0       1       64.89   4       67.69   1.15    20.52   21.33   54.37   57.32   38.07   0.00    51      00x0     0x3     11      114     4.19    2727    2995    0.56         619               0        0       1       55.37   5       74.04   0.91    28.28   4.46    63.31   49.27   46.07   0.00    51      00x8     0x4     12      58      2.41    2399    2995    0.60         321               0        0       1       71.82   3       78.32   0.42    9.95    3.94    83.85   40.51   56.22   0.00    53      00x8     0x5     13      164     5.72    2864    2995    0.43         577               0        0       1       65.61   5       74.41   2.64    28.79   4.48    61.25   59.33   34.22   0.00    53      00x8     0x6     14      63      3.07    2043    2995    0.63         285               0        0       0       63.36   3       84.57   0.56    9.53    5.93    81.67   55.25   41.08   0.00    53      00x8     0x7     15      135     5.70    2368    2995    0.71        1238               0        0       1       74.81   6       82.62   1.16    46.76   8.56    39.43   58.93   34.58   0.00    53      00x40    0x20    16      1       0.05    1446    2995    0.32           2               0        0       0       47.70   0       38.84   0.00    0.00    0.00    99.95   0.00    99.77   0.00    55      00x40    0x21    17      3       0.15    2047    2995    1.25           5               0        0       0       51.28   0       44.74   0.00    0.00    0.11    99.74   0.00    99.66   0.00    55      0Module  Core    CPU     Avg_MHz Busy%   Bzy_MHz TSC_MHz IPC          IRQ             NMI        SMI     LLCMRPS LLC%hit L2MRPS  L2%hit  POLL%   C1E%    C6%     C10%    CPU%c1  CPU%c6  CPU%c7  CoreTmp CoreThr PkgTmp  GFX%rc6      GFXMHz  GFXAMHz SAM%mc6 SAMMHz  SAMAMHz Totl%C0 Any%C0  GFX%C0  CPUGFX% Pkg%pc2 Pkg%pc3 Pkg%pc6 Pkg%pc8 Pk%pc10 CPU%LPI SYS%LPI PkgWatt CorWatt GFXWatt RAMWatt PKG_%   RAM_%   UncMHz  Die%c6  SysWatt



  -       -       122     3.96    3071    2995    1.22        8495               0        0       46      65.61   135     61.12   0.35    18.20   9.58    68.39   63.65   30.48   3.92    55      0       55      97.30800     550     99.79   100     450     598.18  99.84   1.26    1.26    0.00    0.00    0.00    0.00    0.00    0.00    0.00    13.72   8.86    0.04    0.00    0.00    0.00    3100    0.00    22.69

0x20    0x10    0       155     4.45    3480    2995    1.72         587               0        0       3       68.51   10      59.92   0.29    33.00   16.96   45.71   89.09   0.33    1.04    52      0       55      97.30800     550     99.79   100     450     598.16  99.84   1.26    1.26    0.00    0.00    0.00    0.00    0.00    0.00    0.00    13.72   8.86    0.04    0.00    0.00    0.00    3100    0.000x20    0x10    5       175     4.98    3520    2995    0.66         533               0        0       4       68.27   10      62.43   0.36    10.65   14.89   69.56   89.090x10    0x8     1       288     7.46    3854    2995    1.84         544               0        0       9       64.42   23      53.41   0.40    34.82   7.32    50.52   81.51   0.51    9.02    52      00x10    0x8     2       57      1.45    3960    2995    0.60          53               0        0       1       49.67   2       52.24   0.00    0.32    0.93    97.31   81.510x18    0xc     3       188     5.64    3336    2995    0.64         776               0        0       4       68.71   10      62.10   0.73    25.22   18.28   50.97   88.23   0.48    1.83    54      00x18    0xc     4       150     3.74    4002    2995    2.45         123               0        0       3       61.67   9       59.10   0.26    0.33    0.40    95.54   88.230x28    0x14    6       161     4.67    3453    2995    1.15         570               0        0       6       71.82   13      49.63   0.20    20.89   10.49   64.06   44.67   4.27    42.92   53      00x28    0x14    7       128     3.24    3947    2995    2.51         132               0        0       3       66.92   9       53.86   0.00    0.50    0.98    95.30   44.670x0     0x0     8       194     7.31    2651    2995    1.05         828               0        0       3       57.81   10      63.74   0.71    32.74   19.05   41.20   84.50   7.89    0.00    51      00x0     0x1     9       153     6.08    2520    2995    1.03        1099               0        0       2       66.80   8       70.84   0.61    34.50   24.61   35.12   81.90   11.43   0.00    51      00x0     0x2     10      131     5.17    2537    2995    0.76        1033               0        0       1       63.19   6       78.92   0.85    39.98   13.89   41.31   80.60   13.79   0.00    51      00x0     0x3     11      112     4.54    2456    2995    0.56         608               0        0       1       60.97   6       71.59   0.89    28.62   16.68   50.43   75.24   19.72   0.00    50      00x8     0x4     12      133     5.50    2416    2995    0.68         587               0        0       2       65.07   8       65.92   0.12    10.78   17.33   66.56   72.43   21.21   0.00    53      00x8     0x5     13      88      3.62    2436    2995    0.73         408               0        0       1       68.51   5       69.91   0.56    26.52   3.98    66.07   60.54   35.51   0.00    53      00x8     0x6     14      35      1.43    2475    2995    0.61         231               0        0       0       72.56   2       72.65   0.23    12.96   2.46    83.24   34.98   62.91   0.00    53      00x8     0x7     15      36      1.75    2037    2995    0.70         373               0        0       1       63.24   2       74.83   0.06    15.79   4.07    78.52   48.46   49.23   0.00    52      00x40    0x20    16      1       0.04    1311    2995    0.34           5               0        0       0       55.14   0       40.86   0.00    0.00    0.00    99.96   0.00    99.78   0.00    55      00x40    0x21    17      4       0.17    2133    2995    1.21           5               0        0       0       53.07   0       44.23   0.00    0.03    0.12    99.68   0.04    99.61   0.00    55      0Module  Core    CPU     Avg_MHz Busy%   Bzy_MHz TSC_MHz IPC          IRQ             NMI        SMI     LLCMRPS LLC%hit L2MRPS  L2%hit  POLL%   C1E%    C6%     C10%    CPU%c1  CPU%c6  CPU%c7  CoreTmp CoreThr PkgTmp  GFX%rc6      GFXMHz  GFXAMHz SAM%mc6 SAMMHz  SAMAMHz Totl%C0 Any%C0  GFX%C0  CPUGFX% Pkg%pc2 Pkg%pc3 Pkg%pc6 Pkg%pc8 Pk%pc10 CPU%LPI SYS%LPI PkgWatt CorWatt GFXWatt RAMWatt PKG_%   RAM_%   UncMHz  Die%c6  SysWatt



  -       -       121     3.80    3200    2994    1.25        8287               0        0       45      64.36   131     61.37   0.50    18.03   9.76    68.51   60.60   40.73   0.85    54      0       54      98.25800     600     99.85   100     450     449.39  99.81   0.65    0.65    0.00    0.00    0.00    0.00    0.00    0.00    0.00    14.23   9.48    0.02    0.00    0.00    0.00    3100    0.00    23.10

0x20    0x10    0       199     5.66    3519    2995    1.54         644               0        0       4       59.03   12      60.25   0.19    7.06    20.30   67.05   88.90   0.00    0.00    53      0       54      98.31800     600     99.91   100     450     449.54  99.84   0.65    0.65    0.00    0.00    0.00    0.00    0.00    0.00    0.00    14.23   9.48    0.02    0.00    0.00    0.00    3100    0.000x20    0x10    5       185     5.54    3344    2995    0.78         854               0        0       5       57.48   12      60.38   0.00    9.87    30.18   54.50   88.900x10    0x8     1       337     8.64    3902    2995    2.06         687               0        0       11      66.70   28      53.74   0.19    35.18   18.50   37.79   78.59   1.79    10.09   52      00x10    0x8     2       21      0.55    3803    2995    0.62          43               0        0       0       48.19   1       37.74   0.00    0.00    0.09    99.38   78.590x18    0xc     3       174     5.56    3135    2995    0.81        1260               0        0       4       56.44   11      60.27   0.05    16.31   50.25   28.03   90.86   0.04    0.00    52      00x18    0xc     4       131     3.34    3920    2995    2.57          87               0        0       3       66.81   9       58.38   0.15    0.00    0.00    96.67   90.860x28    0x14    6       190     5.10    3732    2995    1.16         404               0        0       5       68.50   13      57.83   0.56    70.87   2.58    21.59   88.97   0.54    1.81    51      00x28    0x14    7       137     3.40    4022    2995    2.49         149               0        0       3       61.90   9       58.75   0.15    2.01    0.47    94.13   88.920x0     0x0     8       234     8.04    2914    2995    0.78        1097               0        0       2       64.78   9       74.42   2.40    60.68   10.09   21.62   91.78   0.00    0.00    52      00x0     0x1     9       132     5.22    2527    2995    0.79         775               0        0       1       67.99   6       80.78   1.17    39.10   11.45   44.62   94.60   0.00    0.00    51      00x0     0x2     10      143     5.12    2793    2995    0.69         637               0        0       2       62.90   6       71.18   1.34    28.45   14.56   52.14   80.26   14.23   0.00    51      00x0     0x3     11      210     7.33    2871    2995    0.53         899               0        0       1       67.75   8       77.16   2.60    41.32   6.48    45.26   83.42   8.98    0.00    51      00x8     0x4     12      27      1.52    1810    2995    0.51         299               0        0       1       86.31   2       53.63   0.04    6.38    6.13    86.07   23.33   73.96   0.00    52      00x8     0x5     13      22      1.11    1956    2995    0.40         152               0        0       1       81.10   2       45.29   0.00    1.90    0.52    96.52   3.76    94.21   0.00    52      00x8     0x6     14      17      0.82    2094    2995    0.44         110               0        0       0       70.52   1       68.51   0.11    2.03    1.34    95.86   5.51    92.87   0.00    52      00x8     0x7     15      24      1.24    1903    2995    0.43         182               0        0       1       72.66   2       58.37   0.00    3.55    2.66    92.62   13.57   84.07   0.00    52      00x40    0x20    16      1       0.05    1310    2995    0.34           4               0        0       0       49.39   0       41.35   0.00    0.00    0.00    99.95   0.00    99.77   0.00    54      00x40    0x21    17      3       0.15    2181    2995    1.19           4               0        0       0       51.21   0       44.15   0.00    0.00    0.16    99.69   0.00    99.66   0.00    54      0Module  Core    CPU     Avg_MHz Busy%   Bzy_MHz TSC_MHz IPC          IRQ             NMI        SMI     LLCMRPS LLC%hit L2MRPS  L2%hit  POLL%   C1E%    C6%     C10%    CPU%c1  CPU%c6  CPU%c7  CoreTmp CoreThr PkgTmp  GFX%rc6      GFXMHz  GFXAMHz SAM%mc6 SAMMHz  SAMAMHz Totl%C0 Any%C0  GFX%C0  CPUGFX% Pkg%pc2 Pkg%pc3 Pkg%pc6 Pkg%pc8 Pk%pc10 CPU%LPI SYS%LPI PkgWatt CorWatt GFXWatt RAMWatt PKG_%   RAM_%   UncMHz  Die%c6  SysWatt



  -       -       117     3.73    3128    2996    1.26        8412               1        0       43      67.18   126     61.88   0.50    17.93   9.42    69.07   59.37   37.30   3.44    55      0       55      98.39800     550     99.88   100     450     496.75  99.87   0.64    0.64    0.00    0.00    0.00    0.00    0.00    0.00    0.00    13.85   9.11    0.02    0.00    0.00    0.00    3100    0.00    22.41

0x20    0x10    0       219     6.06    3608    2995    0.85         619               0        0       4       62.15   12      60.20   0.78    24.35   13.03   56.66   88.65   0.00    0.00    54      0       55      98.33800     550     99.82   100     450     496.58  99.84   0.63    0.63    0.00    0.00    0.00    0.00    0.00    0.00    0.00    13.84   9.11    0.02    0.00    0.00    0.00    3100    0.000x20    0x10    5       179     5.62    3178    2995    1.05        1146               0        0       4       68.37   11      65.62   0.50    17.21   36.77   40.54   88.650x10    0x8     1       361     8.98    4017    2995    1.96         618               1        0       10      66.22   26      55.30   0.92    41.64   11.98   37.52   85.78   0.06    2.52    52      00x10    0x8     2       105     2.67    3947    2995    1.56         171               0        0       4       64.70   9       52.54   0.00    17.56   0.84    78.97   85.780x18    0xc     3       201     6.04    3328    2995    0.91         962               0        0       4       66.94   12      63.46   0.96    38.88   26.54   28.69   90.95   0.00    0.00    52      00x18    0xc     4       119     2.99    3995    2995    2.66          84               0        0       3       62.89   8       59.29   0.04    0.63    0.13    96.26   90.950x28    0x14    6       99      3.16    3116    2995    1.19         525               0        0       3       79.31   6       52.87   0.29    18.44   12.42   66.07   46.78   3.72    45.68   52      00x28    0x14    7       7       0.21    3544    2995    0.25          39               0        0       0       37.82   0       37.79   0.00    0.11    0.24    99.45   46.800x0     0x0     8       180     6.03    2990    2995    1.16         520               0        0       2       63.70   8       68.43   1.49    24.68   10.51   59.00   79.56   13.97   0.00    51      00x0     0x1     9       154     5.76    2672    2995    0.79         866               0        0       1       69.25   7       74.81   1.41    36.12   10.75   47.69   88.17   5.72    0.00    51      00x0     0x2     10      80      3.45    2327    2995    0.65         887               0        0       1       63.66   5       76.86   0.34    26.06   20.84   49.91   67.96   27.95   0.00    51      00x0     0x3     11      107     4.35    2457    2995    0.59         676               0        0       1       72.27   5       81.56   1.13    25.55   11.43   58.98   91.40   3.96    0.00    51      00x8     0x4     12      127     4.81    2653    2995    1.79         429               0        0       3       70.87   8       59.86   0.09    12.99   3.14    79.22   24.94   68.95   0.00    52      00x8     0x5     13      58      2.70    2158    2995    0.64         469               0        0       1       80.97   4       60.18   0.25    14.43   5.13    77.92   37.29   59.00   0.00    52      00x8     0x6     14      58      2.27    2536    2995    0.93         255               0        0       1       71.64   3       69.28   0.53    16.27   2.76    78.81   33.01   64.00   0.00    52      00x8     0x7     15      41      1.84    2248    2995    0.51         139               0        0       1       56.94   2       66.38   0.27    7.69    2.86    87.71   21.86   75.57   0.00    51      00x40    0x20    16      1       0.04    1610    2995    0.35           2               0        0       0       49.26   0       40.68   0.00    0.00    0.00    99.96   0.00    99.79   0.00    55      00x40    0x21    17      4       0.17    2147    2995    1.20           5               0        0       0       53.25   0       46.36   0.00    0.00    0.16    99.67   0.01    99.64   0.00    55      0Module  Core    CPU     Avg_MHz Busy%   Bzy_MHz TSC_MHz IPC          IRQ             NMI        SMI     LLCMRPS LLC%hit L2MRPS  L2%hit  POLL%   C1E%    C6%     C10%    CPU%c1  CPU%c6  CPU%c7  CoreTmp CoreThr PkgTmp  GFX%rc6      GFXMHz  GFXAMHz SAM%mc6 SAMMHz  SAMAMHz Totl%C0 Any%C0  GFX%C0  CPUGFX% Pkg%pc2 Pkg%pc3 Pkg%pc6 Pkg%pc8 Pk%pc10 CPU%LPI SYS%LPI PkgWatt CorWatt GFXWatt RAMWatt PKG_%   RAM_%   UncMHz  Die%c6  SysWatt



  -       -       124     3.97    3119    2995    1.21        8297               0        0       46      67.47   129     61.24   0.65    16.84   9.61    69.72   59.87   36.72   3.35    55      0       56      98.31800     600     99.80   100     450     501.34  99.84   0.65    0.65    0.00    0.00    0.00    0.00    0.00    0.00    0.00    14.06   9.29    0.02    0.00    0.00    0.00    3100    0.00    22.81

0x20    0x10    0       181     4.86    3725    2995    1.97         445               0        0       5       66.18   13      56.97   0.09    17.92   5.43    71.88   90.20   0.00    0.00    53      0       56      98.30800     600     99.80   100     450     501.35  99.84   0.65    0.65    0.00    0.00    0.00    0.00    0.00    0.00    0.00    14.06   9.29    0.02    0.00    0.00    0.00    3100    0.000x20    0x10    5       157     4.76    3292    2995    0.82         901               0        0       3       69.06   10      66.11   0.42    27.48   30.02   37.87   90.200x10    0x8     1       214     5.90    3632    2995    1.81         634               0        0       5       68.63   14      60.20   0.46    10.41   13.55   70.22   89.01   0.00    0.00    54      00x10    0x8     2       202     5.15    3927    2995    1.62         318               0        0       8       66.37   18      52.49   0.12    31.80   2.07    61.05   89.010x18    0xc     3       179     5.45    3289    2995    0.72        1056               0        0       4       72.65   10      61.25   0.91    32.17   37.44   25.11   89.34   0.90    0.86    51      00x18    0xc     4       147     3.70    3983    2995    2.53         106               0        0       3       66.74   10      59.98   0.21    0.10    0.00    96.21   89.340x28    0x14    6       152     4.41    3440    2995    2.20         443               0        0       4       73.02   10      54.65   0.23    8.16    15.11   72.42   47.41   1.64    46.05   51      00x28    0x14    7       4       0.15    2665    2995    0.25          43               0        0       0       74.23   0       31.88   0.00    0.04    0.00    99.82   47.410x0     0x0     8       157     5.91    2653    2995    1.04         583               0        0       2       65.87   8       72.17   0.79    22.60   11.63   60.17   90.45   3.33    0.00    50      00x0     0x1     9       215     6.92    3104    2995    0.59         816               0        0       2       66.22   8       70.64   2.51    33.42   18.00   41.91   91.06   1.78    0.00    51      00x0     0x2     10      175     6.19    2823    2995    0.58        1135               0        0       1       76.33   6       80.45   2.12    42.28   13.76   38.15   92.80   0.81    0.00    51      00x0     0x3     11      192     6.61    2900    2995    0.48         836               0        0       1       73.12   6       79.27   2.87    38.52   11.71   43.49   79.56   13.54   0.00    51      00x8     0x4     12      37      1.81    2048    2995    0.47         157               0        0       1       81.36   3       58.21   0.19    5.98    3.53    88.78   19.46   77.57   0.00    53      00x8     0x5     13      46      2.13    2141    2995    0.53         302               0        0       1       84.57   3       53.29   0.32    10.72   3.76    83.52   21.68   75.22   0.00    53      00x8     0x6     14      40      1.78    2238    2995    0.95         149               0        0       1       75.22   3       62.30   0.14    7.28    2.72    88.31   16.34   80.98   0.00    54      00x8     0x7     15      46      2.13    2140    2995    0.47         278               0        0       1       72.04   3       55.79   0.29    8.50    3.27    86.23   19.47   77.33   0.00    54      00x40    0x20    16      85      3.52    2421    2995    1.00          90               0        0       5       48.05   5       44.52   0.00    5.67    0.79    90.05   14.96   81.32   0.00    55      00x40    0x21    17      3       0.15    2149    2995    1.19           5               0        0       0       51.12   0       44.35   0.00    0.00    0.09    99.76   0.01    99.65   0.00    55      0Module  Core    CPU     Avg_MHz Busy%   Bzy_MHz TSC_MHz IPC          IRQ             NMI        SMI     LLCMRPS LLC%hit L2MRPS  L2%hit  POLL%   C1E%    C6%     C10%    CPU%c1  CPU%c6  CPU%c7  CoreTmp CoreThr PkgTmp  GFX%rc6      GFXMHz  GFXAMHz SAM%mc6 SAMMHz  SAMAMHz Totl%C0 Any%C0  GFX%C0  CPUGFX% Pkg%pc2 Pkg%pc3 Pkg%pc6 Pkg%pc8 Pk%pc10 CPU%LPI SYS%LPI PkgWatt CorWatt GFXWatt RAMWatt PKG_%   RAM_%   UncMHz  Die%c6  SysWatt



  -       -       117     3.71    3164    2995    1.26        8240               0        0       44      66.00   129     61.08   0.46    17.80   10.50   68.11   59.74   40.11   1.79    55      0       56      98.58800     550     99.87   100     450     460.16  99.84   0.63    0.63    0.00    0.00    0.00    0.00    0.00    0.00    0.00    14.16   9.40    0.02    0.00    0.00    0.00    3100    0.00    22.98

0x20    0x10    0       312     8.08    3858    2995    1.45         514               0        0       9       68.41   22      53.80   1.12    55.16   8.04    28.87   85.52   0.00    0.00    53      0       56      98.59800     550     99.89   100     450     460.17  99.84   0.63    0.63    0.00    0.00    0.00    0.00    0.00    0.00    0.00    14.16   9.41    0.02    0.00    0.00    0.00    3100    0.000x20    0x10    5       224     6.56    3412    2995    0.82         809               0        0       6       57.18   15      56.93   0.07    9.12    23.77   60.63   85.520x10    0x8     1       316     8.54    3702    2995    1.83         827               0        0       9       65.91   25      57.45   0.22    40.09   20.60   30.89   90.72   0.00    0.00    52      00x10    0x8     2       12      0.36    3402    2995    0.26          13               0        0       0       53.84   0       41.17   0.00    0.01    0.26    99.37   90.720x18    0xc     3       140     4.53    3098    2995    0.78        1272               0        0       3       64.92   9       64.51   0.14    13.80   60.17   21.65   91.88   0.09    0.00    53      00x18    0xc     4       133     3.35    3960    2995    2.65          93               0        0       3       65.08   9       58.60   0.08    0.52    0.70    95.44   91.880x28    0x14    6       183     5.05    3623    2995    1.93         753               0        0       4       70.67   11      59.24   0.70    29.57   23.63   41.89   66.47   2.32    25.03   54      00x28    0x14    7       30      0.80    3702    2995    0.54         122               0        0       0       72.64   1       60.06   0.23    11.27   0.72    87.23   66.470x0     0x0     8       157     5.99    2624    2995    0.88         587               0        0       2       63.72   7       74.13   1.32    27.38   6.65    60.30   88.20   5.48    0.00    51      00x0     0x1     9       197     6.43    3061    2995    1.14         767               0        0       2       60.91   9       69.86   1.28    37.90   11.70   44.28   90.24   3.12    0.00    51      00x0     0x2     10      150     5.80    2580    2995    0.71        1131               0        0       1       71.03   7       81.11   1.06    46.18   10.57   37.88   84.74   8.99    0.00    51      00x0     0x3     11      148     5.57    2650    2995    0.57         614               0        0       1       67.64   6       74.01   1.58    29.54   12.74   52.45   82.78   11.36   0.00    51      00x8     0x4     12      17      0.96    1806    2995    0.49          82               0        0       1       78.17   2       50.87   0.00    3.26    0.54    95.29   10.13   88.05   0.00    52      00x8     0x5     13      35      1.83    1933    2995    0.50         299               0        0       1       82.31   3       48.44   0.07    7.60    3.44    87.24   25.92   71.15   0.00    52      00x8     0x6     14      19      0.91    2054    2995    0.58         179               0        0       0       69.39   1       74.37   0.13    5.79    2.45    90.92   12.67   85.78   0.00    52      00x8     0x7     15      34      1.74    1964    2995    0.41         165               0        0       1       67.96   2       52.34   0.23    3.34    2.92    92.08   11.45   85.81   0.00    52      00x40    0x20    16      1       0.04    1495    2995    0.36           8               0        0       0       52.23   0       41.28   0.00    0.00    0.00    99.96   0.00    99.78   0.00    55      00x40    0x21    17      4       0.17    2123    2995    1.19           5               0        0       0       54.86   0       45.88   0.00    0.01    0.14    99.68   0.02    99.62   0.00    55      0Module  Core    CPU     Avg_MHz Busy%   Bzy_MHz TSC_MHz IPC          IRQ             NMI        SMI     LLCMRPS LLC%hit L2MRPS  L2%hit  POLL%   C1E%    C6%     C10%    CPU%c1  CPU%c6  CPU%c7  CoreTmp CoreThr PkgTmp  GFX%rc6      GFXMHz  GFXAMHz SAM%mc6 SAMMHz  SAMAMHz Totl%C0 Any%C0  GFX%C0  CPUGFX% Pkg%pc2 Pkg%pc3 Pkg%pc6 Pkg%pc8 Pk%pc10 CPU%LPI SYS%LPI PkgWatt CorWatt GFXWatt RAMWatt PKG_%   RAM_%   UncMHz  Die%c6  SysWatt



  -       -       122     3.95    3101    2995    1.21        8128               0        0       46      69.20   130     60.45   0.56    16.72   8.23    71.24   51.92   38.25   7.55    57      0       56      98.33800     550     99.73   100     450     486.97  99.79   0.66    0.66    0.00    0.00    0.00    0.00    0.00    0.00    0.00    12.74   7.99    0.02    0.00    0.00    0.00    3100    0.00    21.44

0x20    0x10    0       321     8.18    3928    2995    1.82         556               0        0       10      66.14   26      54.32   0.01    36.46   9.87    45.59   88.24   0.04    0.00    54      0       56      98.39800     550     99.78   100     450     487.24  99.84   0.66    0.66    0.00    0.00    0.00    0.00    0.00    0.00    0.00    12.75   7.99    0.02    0.00    0.00    0.00    3100    0.000x20    0x10    5       187     5.06    3705    2995    1.72         487               0        0       4       62.15   11      59.91   0.06    5.62    13.71   75.68   88.210x10    0x8     1       163     4.92    3315    2995    1.39         584               0        0       5       78.84   12      52.62   0.00    6.32    12.32   76.53   43.77   4.24    46.36   49      00x10    0x8     2       14      0.40    3516    2995    0.21          14               0        0       0       61.54   1       33.27   0.00    0.01    0.00    99.61   43.770x18    0xc     3       215     6.12    3514    2995    1.32         600               0        0       7       74.47   15      52.25   0.14    13.34   15.50   65.14   47.54   4.68    40.12   50      00x18    0xc     4       50      1.24    4023    2995    2.44          39               0        0       1       65.42   3       56.63   0.02    0.36    0.00    98.41   47.540x28    0x14    6       121     3.86    3144    2995    1.17         725               0        0       4       71.74   10      56.54   0.03    16.66   20.05   59.55   71.96   3.76    19.25   57      00x28    0x14    7       35      0.87    3956    2995    2.14          65               0        0       1       60.36   2       57.07   0.11    0.00    0.55    98.60   71.960x0     0x0     8       239     8.32    2877    2995    0.73         990               0        0       2       64.74   9       72.77   2.61    44.83   23.26   23.99   91.50   0.00    0.00    51      00x0     0x1     9       195     7.38    2644    2995    0.79        1209               0        0       2       63.39   9       78.50   1.49    53.74   14.54   24.80   92.43   0.00    0.00    51      00x0     0x2     10      200     6.88    2906    2995    0.72         999               0        0       2       67.02   8       76.11   2.14    45.68   18.95   28.89   92.94   0.00    0.00    51      00x0     0x3     11      204     7.07    2884    2995    0.55         940               0        0       1       71.71   7       77.45   2.64    50.48   12.31   30.54   92.75   0.00    0.00    51      00x8     0x4     12      103     3.86    2671    2995    1.44         263               0        0       2       67.07   6       55.92   0.29    7.03    2.72    86.49   17.32   77.66   0.00    52      00x8     0x5     13      67      2.75    2425    2995    1.19         296               0        0       1       76.18   4       63.45   0.30    11.29   0.88    85.19   21.28   74.76   0.00    52      00x8     0x6     14      27      1.36    2006    2995    0.65         134               0        0       1       80.32   2       52.04   0.09    4.02    1.63    93.06   11.11   86.54   0.00    52      00x8     0x7     15      26      1.30    2012    2995    0.49         204               0        0       1       80.02   2       52.06   0.08    5.14    1.80    91.84   12.17   85.60   0.00    52      00x40    0x20    16      31      1.30    2381    2995    1.76          18               0        0       2       53.84   2       49.01   0.00    0.00    0.00    98.70   0.00    98.47   0.00    54      00x40    0x21    17      3       0.16    2018    2995    1.20           5               0        0       0       52.52   0       45.70   0.00    0.00    0.16    99.68   0.01    99.66   0.00    54      0Module  Core    CPU     Avg_MHz Busy%   Bzy_MHz TSC_MHz IPC          IRQ             NMI        SMI     LLCMRPS LLC%hit L2MRPS  L2%hit  POLL%   C1E%    C6%     C10%    CPU%c1  CPU%c6  CPU%c7  CoreTmp CoreThr PkgTmp  GFX%rc6      GFXMHz  GFXAMHz SAM%mc6 SAMMHz  SAMAMHz Totl%C0 Any%C0  GFX%C0  CPUGFX% Pkg%pc2 Pkg%pc3 Pkg%pc6 Pkg%pc8 Pk%pc10 CPU%LPI SYS%LPI PkgWatt CorWatt GFXWatt RAMWatt PKG_%   RAM_%   UncMHz  Die%c6  SysWatt



  -       -       122     3.85    3173    2996    1.24        8605               0        0       45      67.32   130     61.69   0.48    17.70   8.98    69.61   61.36   37.69   1.87    55      0       54      98.58800     550     99.88   100     450     496.52  99.89   0.66    0.66    0.00    0.00    0.00    0.00    0.00    0.00    0.00    14.17   9.40    0.02    0.00    0.00    0.00    3100    0.00    22.88

0x20    0x10    0       167     4.75    3518    2995    0.64         613               0        0       3       75.67   7       59.66   1.39    28.69   10.69   56.00   88.37   0.00    0.00    52      0       54      98.52800     550     99.81   100     450     496.25  99.84   0.65    0.65    0.00    0.00    0.00    0.00    0.00    0.00    0.00    14.16   9.39    0.02    0.00    0.00    0.00    3100    0.000x20    0x10    5       241     6.97    3458    2995    1.13        1066               0        0       5       61.93   14      61.39   0.22    19.25   35.63   38.29   88.400x10    0x8     1       235     6.62    3547    2995    1.52         927               0        0       6       67.83   17      60.75   0.55    29.62   18.15   45.75   92.62   0.00    0.00    52      00x10    0x8     2       12      0.33    3520    2995    0.20          21               0        0       0       45.79   0       42.33   0.00    0.10    0.08    99.49   92.620x18    0xc     3       273     7.49    3649    2995    1.30         897               0        0       7       70.50   18      56.09   0.84    27.61   24.04   41.02   68.58   2.80    19.06   52      00x18    0xc     4       88      2.20    4011    2995    2.43          81               0        0       2       64.22   6       59.29   0.00    0.00    0.08    97.73   68.590x28    0x14    6       197     5.51    3579    2995    1.33         674               0        0       7       66.61   16      53.74   0.17    30.74   15.44   48.42   82.92   0.50    7.13    52      00x28    0x14    7       148     3.72    3973    2995    2.57         139               0        0       4       64.32   10      57.07   0.19    0.83    0.25    95.22   82.920x0     0x0     8       188     6.69    2804    2995    1.11         934               0        0       3       63.60   9       70.13   0.95    33.86   16.11   43.66   86.65   6.37    0.00    49      00x0     0x1     9       169     5.93    2843    2995    1.08         802               0        0       2       63.27   7       72.61   0.79    26.70   14.78   52.84   82.23   11.41   0.00    49      00x0     0x2     10      125     4.54    2750    2995    0.72         777               0        0       1       66.63   5       78.86   1.22    36.61   5.42    53.72   87.04   8.19    0.00    49      00x0     0x3     11      133     4.76    2800    2995    0.50         673               0        0       1       59.45   5       71.79   1.33    30.67   9.76    55.07   81.11   13.82   0.00    50      00x8     0x4     12      50      2.05    2454    2995    1.08         204               0        0       1       73.35   3       64.81   0.30    13.43   0.99    83.60   23.09   74.26   0.00    52      00x8     0x5     13      29      1.44    2005    2995    0.84         339               0        0       0       71.36   2       81.39   0.09    14.22   1.99    82.48   25.25   72.96   0.00    52      00x8     0x6     14      50      2.23    2240    2995    1.11         123               0        0       1       77.10   3       60.69   0.25    7.09    1.90    88.88   19.82   77.15   0.00    52      00x8     0x7     15      59      2.50    2358    2995    1.30         241               0        0       1       69.94   4       55.48   0.11    7.92    5.32    84.37   19.50   76.99   0.00    53      00x40    0x20    16      33      1.43    2321    2995    0.66          89               0        0       2       74.22   2       70.24   0.20    11.22   0.86    86.54   14.81   83.56   0.00    55      00x40    0x21    17      4       0.17    2110    2995    1.18           5               0        0       0       51.85   0       45.09   0.00    0.00    0.10    99.73   0.01    99.64   0.00    55      0Module  Core    CPU     Avg_MHz Busy%   Bzy_MHz TSC_MHz IPC          IRQ             NMI        SMI     LLCMRPS LLC%hit L2MRPS  L2%hit  POLL%   C1E%    C6%     C10%    CPU%c1  CPU%c6  CPU%c7  CoreTmp CoreThr PkgTmp  GFX%rc6      GFXMHz  GFXAMHz SAM%mc6 SAMMHz  SAMAMHz Totl%C0 Any%C0  GFX%C0  CPUGFX% Pkg%pc2 Pkg%pc3 Pkg%pc6 Pkg%pc8 Pk%pc10 CPU%LPI SYS%LPI PkgWatt CorWatt GFXWatt RAMWatt PKG_%   RAM_%   UncMHz  Die%c6  SysWatt



  -       -       122     3.82    3188    2995    1.19        8396               0        0       44      66.76   128     61.38   0.54    16.75   9.90    69.65   61.14   38.20   1.83    57      0       55      97.69800     550     99.88   100     450     485.71  99.84   1.52    1.52    0.00    0.00    0.00    0.00    0.00    0.00    0.00    14.10   9.22    0.04    0.00    0.00    0.00    3100    0.00    23.13

0x20    0x10    0       151     4.85    3115    2995    0.84         823               0        0       4       68.94   11      60.42   0.15    6.55    25.94   62.76   88.31   0.00    0.00    54      0       55      97.71800     550     99.90   100     450     485.72  99.84   1.52    1.52    0.00    0.00    0.00    0.00    0.00    0.00    0.00    14.10   9.22    0.04    0.00    0.00    0.00    3100    0.000x20    0x10    5       255     6.97    3651    2995    1.02         713               0        0       6       67.42   16      56.51   0.81    34.04   15.96   43.14   88.310x10    0x8     1       248     6.64    3732    2995    1.99         622               0        0       7       68.37   19      54.69   0.38    26.94   10.19   56.34   65.64   1.73    25.05   57      00x10    0x8     2       21      0.59    3603    2995    0.23          30               0        0       1       66.71   1       35.32   0.00    0.23    0.80    98.38   65.640x18    0xc     3       180     5.21    3456    2995    0.69        1068               0        0       3       69.07   9       63.15   0.93    36.32   35.13   23.52   89.80   0.94    0.60    56      00x18    0xc     4       136     3.37    4024    2995    2.58         107               0        0       3       61.45   9       59.77   0.10    0.35    0.35    95.93   89.800x28    0x14    6       189     5.45    3474    2995    1.06        1150               0        0       5       65.86   13      59.10   0.73    26.69   41.02   27.00   90.89   0.00    0.00    55      00x28    0x14    7       142     3.55    3987    2995    2.66         163               0        0       3       63.15   10      58.73   0.09    1.76    0.12    94.58   90.890x0     0x0     8       203     7.05    2879    2995    0.93         517               0        0       3       67.55   11      65.65   0.85    25.07   12.58   55.54   77.94   14.46   0.00    50      00x0     0x1     9       189     6.48    2917    2995    0.92         779               0        0       2       67.83   8       70.13   1.48    34.52   14.29   45.01   91.63   1.64    0.00    50      00x0     0x2     10      118     4.46    2651    2995    0.90         860               0        0       1       67.54   6       75.16   0.82    38.16   7.09    50.57   83.70   11.47   0.00    50      00x0     0x3     11      170     5.97    2845    2995    0.49         814               0        0       1       66.26   6       76.58   2.18    35.86   6.56    51.92   80.19   13.58   0.00    52      00x8     0x4     12      73      3.02    2401    2995    0.81         183               0        0       2       65.29   4       54.26   0.31    7.67    1.69    87.71   30.46   65.88   0.00    53      00x8     0x5     13      30      1.41    2139    2995    0.72         232               0        0       0       66.96   2       77.42   0.14    9.89    2.24    86.57   29.55   68.59   0.00    52      00x8     0x6     14      49      1.99    2479    2995    0.55         128               0        0       1       62.08   3       63.09   0.43    9.36    1.37    87.37   21.25   76.04   0.00    52      00x8     0x7     15      34      1.51    2225    2995    0.48         199               0        0       1       69.99   2       63.90   0.26    8.04    2.70    87.84   16.58   81.09   0.00    52      00x40    0x20    16      1       0.05    1476    2995    0.32           4               0        0       0       46.79   0       38.26   0.00    0.00    0.00    99.95   0.00    99.77   0.00    55      00x40    0x21    17      3       0.15    2106    2995    1.23           4               0        0       0       54.13   0       47.38   0.00    0.03    0.12    99.70   0.04    99.62   0.00    55      0Module  Core    CPU     Avg_MHz Busy%   Bzy_MHz TSC_MHz IPC          IRQ             NMI        SMI     LLCMRPS LLC%hit L2MRPS  L2%hit  POLL%   C1E%    C6%     C10%    CPU%c1  CPU%c6  CPU%c7  CoreTmp CoreThr PkgTmp  GFX%rc6      GFXMHz  GFXAMHz SAM%mc6 SAMMHz  SAMAMHz Totl%C0 Any%C0  GFX%C0  CPUGFX% Pkg%pc2 Pkg%pc3 Pkg%pc6 Pkg%pc8 Pk%pc10 CPU%LPI SYS%LPI PkgWatt CorWatt GFXWatt RAMWatt PKG_%   RAM_%   UncMHz  Die%c6  SysWatt



  -       -       131     4.24    3079    2996    1.18        8854               0        0       51      66.40   141     59.32   0.40    17.87   10.30   67.74   59.32   32.01   5.44    55      0       55      97.18800     550     99.77   100     450     581.77  99.83   1.26    1.26    0.00    0.00    0.00    0.00    0.00    0.00    0.00    13.60   8.66    0.05    0.00    0.00    0.00    3100    0.00    22.64

0x20    0x10    0       239     6.60    3620    2995    1.69         652               0        0       7       62.67   17      56.33   0.02    16.01   19.91   57.57   88.68   0.00    0.00    51      0       55      97.18800     550     99.77   100     450     581.82  99.84   1.26    1.26    0.00    0.00    0.00    0.00    0.00    0.00    0.00    13.60   8.66    0.05    0.00    0.00    0.00    3100    0.000x20    0x10    5       191     5.19    3677    2995    1.22         542               0        0       4       69.92   11      60.81   0.71    52.82   6.43    35.70   88.680x10    0x8     1       195     5.50    3542    2995    1.79         566               0        0       6       72.72   14      50.21   0.24    12.40   14.27   67.93   51.18   5.31    37.08   49      00x10    0x8     2       22      0.60    3583    2995    0.21          13               0        0       1       55.14   1       34.25   0.00    0.02    0.00    99.39   51.180x18    0xc     3       170     4.92    3457    2995    0.87         723               0        0       5       64.28   11      48.65   0.34    15.19   26.23   53.77   63.74   4.02    23.66   55      00x18    0xc     4       140     3.57    3928    2995    2.49          96               0        0       3       68.29   9       55.37   0.06    0.51    0.44    95.50   63.740x28    0x14    6       322     8.53    3776    2995    1.20         553               0        0       8       69.01   19      55.59   0.00    7.99    17.62   65.93   70.48   2.13    15.49   55      00x28    0x14    7       126     3.22    3912    2995    1.68         252               0        0       4       68.81   10      51.16   0.15    16.86   0.49    79.47   70.480x0     0x0     8       152     6.01    2537    2995    0.80         579               0        0       3       57.06   9       60.39   0.21    12.71   20.77   60.66   45.41   47.53   0.00    49      00x0     0x1     9       79      3.67    2150    2995    0.80         872               0        0       1       71.38   5       65.60   0.16    16.01   27.91   52.63   66.27   29.01   0.00    49      00x0     0x2     10      70      2.81    2483    2995    0.62         341               0        0       1       74.55   5       64.44   0.04    6.67    8.61    82.01   28.41   67.47   0.00    50      00x0     0x3     11      47      2.12    2202    2995    0.60         419               0        0       1       58.96   3       66.57   0.14    8.91    14.70   74.37   34.78   62.60   0.00    50      00x8     0x4     12      148     5.74    2570    2995    0.65         759               0        0       1       66.15   6       76.37   1.65    38.47   6.16    49.95   88.04   5.88    0.00    52      00x8     0x5     13      123     4.85    2531    2995    0.83         348               0        0       2       60.55   7       66.33   0.53    17.53   4.63    73.22   74.76   19.99   0.00    52      00x8     0x6     14      173     6.64    2610    2995    0.71        1091               0        0       2       63.78   8       77.20   1.53    52.82   5.88    35.08   93.11   0.05    0.00    52      00x8     0x7     15      146     5.97    2451    2995    0.66        1030               0        0       1       62.20   7       77.45   1.47    46.73   11.19   36.48   88.79   4.92    0.00    52      00x40    0x20    16      5       0.23    2072    2995    0.81           9               0        0       0       42.44   0       35.42   0.00    0.00    0.00    99.78   0.01    99.58   0.00    55      00x40    0x21    17      4       0.18    2108    2995    1.17           9               0        0       0       51.87   0       43.24   0.00    0.00    0.16    99.67   0.01    99.62   0.00    55      0Module  Core    CPU     Avg_MHz Busy%   Bzy_MHz TSC_MHz IPC          IRQ             NMI        SMI     LLCMRPS LLC%hit L2MRPS  L2%hit  POLL%   C1E%    C6%     C10%    CPU%c1  CPU%c6  CPU%c7  CoreTmp CoreThr PkgTmp  GFX%rc6      GFXMHz  GFXAMHz SAM%mc6 SAMMHz  SAMAMHz Totl%C0 Any%C0  GFX%C0  CPUGFX% Pkg%pc2 Pkg%pc3 Pkg%pc6 Pkg%pc8 Pk%pc10 CPU%LPI SYS%LPI PkgWatt CorWatt GFXWatt RAMWatt PKG_%   RAM_%   UncMHz  Die%c6  SysWatt



  -       -       131     4.03    3242    2995    1.15        8428               0        0       51      65.48   134     59.70   0.55    18.33   8.41    69.35   55.89   40.20   3.95    56      0       55      98.00800     350     99.89   100     450     463.40  99.84   0.92    0.92    0.00    0.00    0.00    0.00    0.00    0.00    0.00    13.70   8.87    0.03    0.00    0.00    0.00    3100    0.00    22.42

0x20    0x10    0       102     2.96    3453    2995    0.76         420               0        0       2       72.32   5       56.51   0.67    12.89   5.48    78.75   77.29   0.77    13.23   53      0       55      98.00800     350     99.89   100     450     463.37  99.84   0.92    0.92    0.00    0.00    0.00    0.00    0.00    0.00    0.00    13.70   8.88    0.03    0.00    0.00    0.00    3100    0.000x20    0x10    5       245     6.35    3854    2995    1.47         500               0        0       4       67.10   12      58.56   1.26    23.36   8.08    62.31   77.300x10    0x8     1       168     4.89    3433    2995    1.62         690               0        0       4       72.49   10      53.07   0.29    18.73   9.81    66.70   55.56   2.74    36.01   53      00x10    0x8     2       13      0.36    3642    2995    0.21          16               0        0       0       47.32   1       35.95   0.00    0.05    0.17    99.42   55.560x18    0xc     3       227     6.71    3385    2995    0.69         847               0        0       5       57.85   13      58.09   0.80    16.80   21.84   54.76   82.68   0.18    6.08    56      00x18    0xc     4       183     4.56    4023    2995    2.14         124               0        0       4       64.11   11      55.95   0.17    1.00    0.06    94.40   82.680x28    0x14    6       275     7.29    3777    2995    1.20         683               0        0       5       67.25   14      59.58   1.04    28.51   16.09   48.23   85.76   0.00    0.00    55      00x28    0x14    7       295     7.38    4003    2995    1.67         529               0        0       11      67.28   27      52.75   0.15    48.15   4.17    40.40   85.750x0     0x0     8       178     6.47    2752    2995    0.66        1125               0        0       2       66.14   8       74.02   1.39    42.77   23.24   27.88   92.77   0.56    0.00    50      00x0     0x1     9       149     5.87    2540    2995    0.71        1198               0        0       2       70.37   8       77.11   0.77    48.65   25.53   20.32   93.63   0.29    0.00    50      00x0     0x2     10      142     5.10    2782    2995    0.68        1136               0        0       1       69.96   7       81.35   1.02    44.61   13.17   37.51   93.65   1.04    0.00    51      00x0     0x3     11      197     6.55    3001    2995    0.47         578               0        0       2       64.63   8       67.64   2.23    31.62   13.67   48.43   71.91   21.13   0.00    51      00x8     0x4     12      9       0.46    1973    2995    0.53          71               0        0       0       83.07   1       68.11   0.00    4.31    0.37    94.89   16.92   82.01   0.00    52      00x8     0x5     13      12      0.57    2124    2995    0.54          93               0        0       0       75.63   1       67.50   0.00    2.79    0.54    96.14   4.68    94.06   0.00    52      00x8     0x6     14      17      0.82    2062    2995    0.36          80               0        0       0       58.12   1       55.65   0.04    3.31    1.09    94.82   16.80   81.73   0.00    52      00x8     0x7     15      28      1.58    1751    2995    0.34         293               0        0       1       84.73   3       37.42   0.00    2.37    7.94    88.24   13.17   83.48   0.00    52      00x40    0x20    16      109     4.50    2421    2995    1.71          42               0        0       6       53.52   6       48.46   0.00    0.00    0.00    95.52   0.00    95.08   0.00    55      00x40    0x21    17      4       0.17    2344    2995    1.01           3               0        0       0       54.01   0       47.81   0.00    0.00    0.16    99.68   0.01    99.65   0.00    54      0Module  Core    CPU     Avg_MHz Busy%   Bzy_MHz TSC_MHz IPC          IRQ             NMI        SMI     LLCMRPS LLC%hit L2MRPS  L2%hit  POLL%   C1E%    C6%     C10%    CPU%c1  CPU%c6  CPU%c7  CoreTmp CoreThr PkgTmp  GFX%rc6      GFXMHz  GFXAMHz SAM%mc6 SAMMHz  SAMAMHz Totl%C0 Any%C0  GFX%C0  CPUGFX% Pkg%pc2 Pkg%pc3 Pkg%pc6 Pkg%pc8 Pk%pc10 CPU%LPI SYS%LPI PkgWatt CorWatt GFXWatt RAMWatt PKG_%   RAM_%   UncMHz  Die%c6  SysWatt



  -       -       124     4.01    3092    2995    1.20        8872               0        0       45      65.06   131     61.69   0.56    18.23   10.56   67.34   63.10   34.14   2.45    55      0       54      96.67800     500     99.76   100     450     543.16  99.83   1.28    1.28    0.00    0.00    0.00    0.00    0.00    0.00    0.00    13.99   9.10    0.05    0.00    0.00    0.00    3100    0.00    23.08

0x20    0x10    0       196     5.63    3486    2995    1.23         646               0        0       6       62.61   15      58.25   0.26    29.51   16.92   48.06   90.14   0.09    0.21    50      0       54      96.68800     500     99.76   100     450     543.20  99.84   1.28    1.28    0.00    0.00    0.00    0.00    0.00    0.00    0.00    13.99   9.10    0.05    0.00    0.00    0.00    3100    0.000x20    0x10    5       141     4.09    3439    2995    1.23         666               0        0       2       64.12   8       67.78   0.36    21.77   10.99   63.28   90.140x10    0x8     1       219     6.25    3500    2995    1.15         711               0        0       4       67.71   12      58.63   1.38    15.23   14.43   64.20   67.55   1.36    23.68   50      00x10    0x8     2       31      0.86    3660    2995    0.40          21               0        0       1       52.82   1       38.46   0.00    0.05    0.22    98.88   67.550x18    0xc     3       234     6.47    3625    2995    0.94         688               0        0       6       67.26   14      55.72   1.41    52.06   12.47   29.15   86.96   0.76    1.72    53      00x18    0xc     4       162     3.96    4087    2995    2.33         117               0        0       3       63.12   10      57.99   0.30    2.00    0.46    93.59   86.960x28    0x14    6       223     6.21    3593    2995    1.76         552               0        0       5       64.26   14      60.37   0.26    21.37   13.85   58.69   81.64   0.65    8.70    52      00x28    0x14    7       104     2.66    3924    2995    1.60         250               0        0       4       65.57   9       51.49   0.01    17.30   1.23    78.86   81.660x0     0x0     8       178     6.51    2743    2995    1.14         635               0        0       3       65.25   10      61.80   0.75    21.49   12.62   59.57   60.58   32.14   0.00    49      00x0     0x1     9       115     4.67    2465    2995    0.67         953               0        0       1       78.58   6       73.16   0.94    30.98   8.40    56.24   75.20   19.41   0.00    49      00x0     0x2     10      70      2.66    2639    2995    0.53         328               0        0       1       60.86   3       72.24   0.64    15.14   4.50    77.84   48.64   47.93   0.00    49      00x0     0x3     11      36      1.74    2082    2995    0.56         256               0        0       1       66.24   3       68.30   0.08    7.11    5.16    86.10   34.18   63.26   0.00    49      00x8     0x4     12      138     5.17    2674    2995    1.39         540               0        0       2       65.13   8       66.52   0.35    20.72   6.47    67.83   45.93   48.21   0.00    53      00x8     0x5     13      90      3.76    2391    2995    0.62         645               0        0       1       69.69   5       74.16   0.65    23.66   9.50    63.33   48.09   47.45   0.00    53      00x8     0x6     14      112     4.72    2373    2995    1.19        1120               0        0       1       63.32   5       74.12   0.81    20.23   55.70   19.62   86.54   8.46    0.00    53      00x8     0x7     15      154     5.63    2727    2995    0.51         711               0        0       2       69.25   7       67.47   1.89    27.85   16.99   49.78   82.33   11.58   0.00    53      00x40    0x20    16      24      1.01    2359    2995    1.54          25               0        0       1       53.55   1       49.04   0.00    1.65    0.00    97.34   1.65    97.11   0.00    55      00x40    0x21    17      4       0.19    2001    2995    1.12           8               0        0       0       53.10   0       45.05   0.00    0.00    0.08    99.72   0.01    99.61   0.00    55      0Module  Core    CPU     Avg_MHz Busy%   Bzy_MHz TSC_MHz IPC          IRQ             NMI        SMI     LLCMRPS LLC%hit L2MRPS  L2%hit  POLL%   C1E%    C6%     C10%    CPU%c1  CPU%c6  CPU%c7  CoreTmp CoreThr PkgTmp  GFX%rc6      GFXMHz  GFXAMHz SAM%mc6 SAMMHz  SAMAMHz Totl%C0 Any%C0  GFX%C0  CPUGFX% Pkg%pc2 Pkg%pc3 Pkg%pc6 Pkg%pc8 Pk%pc10 CPU%LPI SYS%LPI PkgWatt CorWatt GFXWatt RAMWatt PKG_%   RAM_%   UncMHz  Die%c6  SysWatt



  -       -       449     13.75   3267    2994    1.07       14585               0        0       150     52.00   492     64.35   0.50    22.14   11.64   52.57   60.03   24.15   1.57    57      0       60      51.842200    2200    93.44   100     450     742.13  99.82   32.76   32.76   0.00    0.00    0.00    0.00    0.00    0.00    0.00    22.90   15.01   2.31    0.00    0.00    0.00    3100    0.00    35.69

0x20    0x10    0       721     17.77   4057    2995    1.43         959               0        0       11      46.52   48      72.12   0.29    19.08   17.00   46.24   74.25   0.00    0.00    56      0       60      51.892200    2200    93.51   100     450     742.35  99.85   32.77   32.77   0.00    0.00    0.00    0.00    0.00    0.00    0.00    22.92   15.03   2.32    0.00    0.00    0.00    3100    0.000x20    0x10    5       479     11.92   4016    2995    0.75         759               0        0       9       51.03   29      62.09   0.51    33.14   14.24   40.81   74.240x10    0x8     1       673     16.72   4026    2995    1.46         999               0        0       14      56.97   47      64.86   0.95    47.41   11.40   24.60   74.14   0.00    1.10    56      00x10    0x8     2       437     10.87   4022    2995    0.55         396               0        0       9       47.25   20      52.03   0.02    7.94    10.51   70.72   74.140x18    0xc     3       603     15.11   3988    2995    1.30        1018               0        0       11      53.69   47      72.09   0.94    31.99   13.73   39.29   67.03   1.87    6.00    55      00x18    0xc     4       485     11.91   4075    2995    0.82         540               0        0       12      59.69   31      56.58   0.00    10.87   9.30    67.99   67.030x28    0x14    6       584     14.65   3984    2995    1.18         962               0        0       11      50.11   34      60.48   0.78    28.56   15.21   41.71   67.06   0.43    14.84   54      00x28    0x14    7       180     4.68    3847    2995    0.65        1231               0        0       3       58.79   9       64.54   0.00    8.27    7.67    79.48   67.060x0     0x0     8       440     16.21   2714    2995    0.86        1101               0        0       9       55.17   22      54.96   0.72    31.32   12.85   39.91   73.89   9.33    0.00    53      00x0     0x1     9       442     16.12   2743    2995    0.66        1147               0        0       9       51.72   24      54.77   0.41    26.97   17.96   39.20   68.69   14.64   0.00    53      00x0     0x2     10      369     13.71   2693    2995    0.83        1121               0        0       7       51.67   19      57.83   0.20    24.21   13.54   48.76   71.17   14.58   0.00    52      00x0     0x3     11      514     18.62   2761    2995    0.72         613               0        0       14      37.30   29      45.88   0.59    17.07   6.96    57.46   36.65   44.03   0.00    52      00x8     0x4     12      378     14.45   2619    2995    0.85        1200               0        0       7       57.15   20      58.15   0.65    35.08   22.09   28.69   80.36   4.83    0.00    57      00x8     0x5     13      509     18.46   2757    2995    1.34         711               0        0       7       50.83   20      59.23   0.65    24.81   9.66    47.25   59.20   21.79   0.00    56      00x8     0x6     14      591     21.29   2775    2995    1.33         663               0        0       7       53.31   28      69.29   1.33    25.44   5.86    47.58   50.45   27.75   0.00    56      00x8     0x7     15      642     23.21   2767    2995    1.40        1003               0        0       9       56.32   60      82.81   0.91    26.67   20.74   29.57   75.24   1.29    0.00    56      00x40    0x20    16      35      1.62    2171    2995    1.25         153               0        0       2       72.76   2       69.55   0.00    0.00    0.65    97.76   0.05    97.87   0.00    55      00x40    0x21    17      3       0.17    1876    2995    1.27           9               0        0       0       53.85   0       44.73   0.00    0.01    0.17    99.66   0.01    99.61   0.00    55      0Module  Core    CPU     Avg_MHz Busy%   Bzy_MHz TSC_MHz IPC          IRQ             NMI        SMI     LLCMRPS LLC%hit L2MRPS  L2%hit  POLL%   C1E%    C6%     C10%    CPU%c1  CPU%c6  CPU%c7  CoreTmp CoreThr PkgTmp  GFX%rc6      GFXMHz  GFXAMHz SAM%mc6 SAMMHz  SAMAMHz Totl%C0 Any%C0  GFX%C0  CPUGFX% Pkg%pc2 Pkg%pc3 Pkg%pc6 Pkg%pc8 Pk%pc10 CPU%LPI SYS%LPI PkgWatt CorWatt GFXWatt RAMWatt PKG_%   RAM_%   UncMHz  Die%c6  SysWatt



  -       -       208     6.40    3250    2997    0.92       12666               0        0       77      60.92   208     58.14   0.48    19.82   12.23   61.74   65.20   31.66   0.00    56      0       56      57.151883    550     99.97   100     450     593.57  99.87   28.28   28.28   0.00    0.00    0.00    0.00    0.00    0.00    0.00    20.44   11.31   3.15    0.00    0.00    0.00    3100    0.00    34.59

0x20    0x10    0       497     13.01   3823    2995    1.18        1132               0        0       11      56.09   33      61.56   0.60    26.88   20.63   39.61   81.57   0.00    0.00    55      0       56      57.101883    550     99.88   100     450     593.32  99.83   28.26   28.26   0.00    0.00    0.00    0.00    0.00    0.00    0.00    20.43   11.30   3.14    0.00    0.00    0.00    3100    0.000x20    0x10    5       243     6.46    3768    2995    1.04         652               0        0       5       57.69   13      54.86   0.56    28.01   13.16   52.49   81.580x10    0x8     1       336     9.13    3684    2995    0.90        1182               0        0       7       64.31   18      55.75   0.87    37.46   16.37   37.19   80.30   0.00    0.00    54      00x10    0x8     2       466     11.87   3923    2995    0.25         466               0        0       9       65.84   19      48.37   0.00    1.13    20.92   66.14   80.300x18    0xc     3       432     11.56   3740    2995    1.31        1142               0        0       10      56.14   26      54.99   0.77    50.43   13.22   24.96   86.74   0.00    0.00    54      00x18    0xc     4       37      1.38    2658    2995    0.42         240               0        0       1       68.46   3       46.81   0.00    2.03    6.15    90.49   86.740x28    0x14    6       337     9.03    3731    2995    1.30         912               0        0       7       58.66   20      57.77   0.93    36.66   16.68   37.78   88.85   0.00    0.00    54      00x28    0x14    7       50      1.92    2584    2995    0.40        1327               0        0       1       74.54   3       59.74   0.00    3.43    10.26   84.56   88.850x0     0x0     8       265     9.69    2737    2995    0.84         891               0        0       5       63.21   14      59.70   0.86    31.06   17.18   42.34   81.20   8.64    0.00    52      00x0     0x1     9       216     7.87    2744    2995    0.87         765               0        0       4       60.20   12      59.11   0.42    20.28   14.27   57.78   72.90   18.51   0.00    52      00x0     0x2     10      173     6.40    2709    2995    0.80         795               0        0       3       64.16   10      63.18   0.68    27.55   8.76    57.55   69.42   23.21   0.00    52      00x0     0x3     11      162     6.01    2695    2995    0.84         618               0        0       3       67.17   9       63.41   0.92    13.64   6.14    74.38   45.56   47.00   0.00    52      00x8     0x4     12      126     5.17    2441    2995    1.01         740               0        0       2       65.85   7       66.12   0.48    20.38   14.50   60.18   71.91   22.26   0.00    52      00x8     0x5     13      138     5.41    2559    2995    0.90         764               0        0       2       60.28   8       62.70   0.38    22.44   18.04   54.31   58.71   35.05   0.00    52      00x8     0x6     14      121     4.91    2457    2995    0.62         714               0        0       2       61.05   7       63.54   0.40    25.26   17.33   52.72   66.74   27.84   0.00    52      00x8     0x7     15      139     5.09    2734    2995    0.81         313               0        0       2       60.76   7       61.05   0.86    9.91    6.21    78.90   32.17   61.57   0.00    53      00x40    0x20    16      1       0.06    1202    2995    0.29           6               0        0       0       47.27   0       34.77   0.00    0.00    0.13    99.81   0.00    99.75   0.00    56      00x40    0x21    17      5       0.24    1914    2995    0.97           7               0        0       0       48.19   0       39.26   0.00    0.00    0.15    99.61   0.00    99.54   0.00    56      0Module  Core    CPU     Avg_MHz Busy%   Bzy_MHz TSC_MHz IPC          IRQ             NMI        SMI     LLCMRPS LLC%hit L2MRPS  L2%hit  POLL%   C1E%    C6%     C10%    CPU%c1  CPU%c6  CPU%c7  CoreTmp CoreThr PkgTmp  GFX%rc6      GFXMHz  GFXAMHz SAM%mc6 SAMMHz  SAMAMHz Totl%C0 Any%C0  GFX%C0  CPUGFX% Pkg%pc2 Pkg%pc3 Pkg%pc6 Pkg%pc8 Pk%pc10 CPU%LPI SYS%LPI PkgWatt CorWatt GFXWatt RAMWatt PKG_%   RAM_%   UncMHz  Die%c6  SysWatt



  -       -       220     6.99    3153    2995    0.96       12838               0        0       80      60.05   222     59.53   0.47    20.47   12.43   60.28   68.72   27.07   0.00    57      0       56      62.451400    1400    99.79   100     450     655.37  99.83   27.29   27.29   0.00    0.00    0.00    0.00    0.00    0.00    0.00    18.94   11.33   1.68    0.00    0.00    0.00    3100    0.00    31.75

0x20    0x10    0       332     8.98    3697    2995    0.93         761               0        0       8       54.14   20      53.43   0.19    12.98   20.53   57.60   84.50   0.00    0.00    55      0       56      62.441400    1400    99.79   100     450     655.41  99.84   27.29   27.29   0.00    0.00    0.00    0.00    0.00    0.00    0.00    18.94   11.33   1.68    0.00    0.00    0.00    3100    0.000x20    0x10    5       297     8.01    3702    2995    1.50         706               0        0       6       58.07   17      58.68   0.33    24.36   17.82   49.92   84.500x10    0x8     1       218     6.11    3565    2995    0.60        1006               0        0       5       65.99   13      53.86   0.32    25.01   28.12   40.90   84.25   0.19    0.00    57      00x10    0x8     2       404     10.18   3971    2995    0.27         366               0        0       8       68.62   18      49.70   0.00    0.18    18.93   70.76   84.250x18    0xc     3       291     8.47    3433    2995    0.90        1193               0        0       7       58.93   19      56.55   0.20    51.14   27.48   13.10   86.73   0.00    0.00    55      00x18    0xc     4       198     4.86    4070    2995    1.78         345               0        0       4       55.66   12      66.11   0.09    6.01    1.73    87.43   86.730x28    0x14    6       318     8.38    3796    2995    1.47         809               0        0       7       57.97   26      66.52   0.21    32.99   14.58   44.19   89.39   0.00    0.00    56      00x28    0x14    7       63      2.08    3009    2995    0.47        1730               0        0       1       68.04   3       65.80   0.00    6.70    16.19   75.21   89.390x0     0x0     8       268     10.00   2678    2995    0.79         775               0        0       5       62.07   14      61.13   0.57    29.71   14.72   45.81   81.56   7.96    0.00    55      00x0     0x1     9       201     7.41    2711    2995    0.87         875               0        0       4       64.57   11      63.09   0.50    28.00   12.78   52.07   75.32   16.63   0.00    55      00x0     0x2     10      246     9.06    2718    2995    1.10         587               0        0       5       58.07   12      58.15   0.96    20.35   12.22   58.56   59.55   30.55   0.00    55      00x0     0x3     11      314     11.41   2751    2995    0.81         892               0        0       5       57.46   15      59.81   1.60    35.18   15.63   38.03   81.61   6.64    0.00    53      00x8     0x4     12      226     8.30    2717    2995    1.32         431               0        0       5       57.37   12      59.08   0.41    13.62   7.44    70.78   49.77   41.03   0.00    54      00x8     0x5     13      268     10.02   2671    2995    0.92        1072               0        0       4       61.12   12      64.41   2.08    33.75   4.78    51.74   82.72   6.93    0.00    54      00x8     0x6     14      144     5.55    2598    2995    0.67         553               0        0       3       63.27   8       61.79   0.64    20.61   5.37    68.68   57.88   35.81   0.00    54      00x8     0x7     15      176     6.78    2600    2995    0.95         731               0        0       3       55.51   10      63.21   0.39    27.66   5.32    60.49   58.68   33.85   0.00    54      00x40    0x20    16      1       0.03    1736    2995    0.35           3               0        0       0       53.94   0       45.92   0.00    0.00    0.00    99.97   0.00    99.79   0.00    56      00x40    0x21    17      3       0.15    1799    2995    1.42           3               0        0       0       50.65   0       42.23   0.00    0.10    0.07    99.68   0.10    99.57   0.00    55      0Module  Core    CPU     Avg_MHz Busy%   Bzy_MHz TSC_MHz IPC          IRQ             NMI        SMI     LLCMRPS LLC%hit L2MRPS  L2%hit  POLL%   C1E%    C6%     C10%    CPU%c1  CPU%c6  CPU%c7  CoreTmp CoreThr PkgTmp  GFX%rc6      GFXMHz  GFXAMHz SAM%mc6 SAMMHz  SAMAMHz Totl%C0 Any%C0  GFX%C0  CPUGFX% Pkg%pc2 Pkg%pc3 Pkg%pc6 Pkg%pc8 Pk%pc10 CPU%LPI SYS%LPI PkgWatt CorWatt GFXWatt RAMWatt PKG_%   RAM_%   UncMHz  Die%c6  SysWatt



  -       -       257     8.10    3174    2994    0.95       12487               0        0       94      58.84   235     57.51   0.45    19.62   12.78   59.63   68.47   25.75   0.00    56      0       57      46.99800     600     99.76   100     450     680.13  99.84   34.21   34.21   0.00    0.00    0.00    0.00    0.00    0.00    0.00    19.51   11.87   1.42    0.00    0.00    0.00    3100    0.00    32.32

0x20    0x10    0       538     13.52   3983    2995    1.45         684               0        0       12      54.64   36      59.61   0.15    24.75   12.53   49.30   82.47   0.00    0.00    55      0       57      47.01800     600     99.79   100     450     680.10  99.84   34.21   34.21   0.00    0.00    0.00    0.00    0.00    0.00    0.00    19.51   11.87   1.42    0.00    0.00    0.00    3100    0.000x20    0x10    5       263     6.72    3915    2995    0.91         529               0        0       5       59.91   12      54.35   0.52    17.57   8.08    67.72   82.470x10    0x8     1       328     8.90    3691    2995    0.93        1017               0        0       8       57.26   18      53.68   0.42    24.02   26.67   40.55   81.71   0.00    0.00    55      00x10    0x8     2       417     10.50   3971    2995    0.28         406               0        0       9       68.12   19      48.76   0.00    0.69    18.13   70.73   81.710x18    0xc     3       366     10.20   3586    2995    1.05        1094               0        0       9       58.41   22      53.91   0.52    46.87   24.00   19.11   87.49   0.00    0.00    55      00x18    0xc     4       94      2.41    3904    2995    1.35         254               0        0       2       55.70   5       59.69   0.28    12.37   1.32    83.95   87.500x28    0x14    6       410     10.62   3859    2995    1.06         763               0        0       8       58.95   21      58.90   0.74    30.42   19.09   40.00   87.27   0.00    0.00    55      00x28    0x14    7       166     4.63    3578    2995    0.88        1346               0        0       3       66.70   6       53.76   0.00    3.53    8.17    83.83   87.270x0     0x0     8       171     6.69    2560    2995    0.81         817               0        0       3       60.80   10      61.60   0.40    26.66   15.55   51.33   83.47   9.42    0.00    51      00x0     0x1     9       198     7.83    2524    2995    0.83        1023               0        0       3       57.79   11      65.84   0.52    31.66   18.14   42.68   74.00   17.45   0.00    51      00x0     0x2     10      188     7.46    2521    2995    0.97        1009               0        0       3       65.05   8       63.69   0.56    25.62   28.70   38.47   79.49   12.42   0.00    52      00x0     0x3     11      235     8.58    2736    2995    1.32         685               0        0       5       58.12   13      59.88   0.34    18.85   7.23    65.49   46.02   44.48   0.00    52      00x8     0x4     12      277     10.22   2709    2995    0.85         743               0        0       4       57.10   13      59.75   1.51    31.04   9.40    49.60   77.62   11.76   0.00    55      00x8     0x5     13      250     9.15    2732    2995    1.21         536               0        0       4       55.43   11      59.54   0.14    14.15   3.59    73.25   45.66   44.29   0.00    55      00x8     0x6     14      216     8.27    2616    2995    0.86         625               0        0       3       62.09   10      60.22   0.61    19.73   11.51   60.72   57.19   33.73   0.00    55      00x8     0x7     15      266     9.85    2707    2995    0.79         585               0        0       4       57.61   12      60.44   1.38    20.10   7.80    62.47   65.18   24.25   0.00    55      00x40    0x20    16      165     6.96    2369    2995    0.54         256               0        0       7       54.72   7       50.56   0.00    4.60    5.72    82.82   19.48   72.80   0.00    56      00x40    0x21    17      77      3.23    2376    2995    0.32         115               0        0       3       55.47   3       50.97   0.00    0.70    4.50    91.62   6.41    89.85   0.00    56      0Module  Core    CPU     Avg_MHz Busy%   Bzy_MHz TSC_MHz IPC          IRQ             NMI        SMI     LLCMRPS LLC%hit L2MRPS  L2%hit  POLL%   C1E%    C6%     C10%    CPU%c1  CPU%c6  CPU%c7  CoreTmp CoreThr PkgTmp  GFX%rc6      GFXMHz  GFXAMHz SAM%mc6 SAMMHz  SAMAMHz Totl%C0 Any%C0  GFX%C0  CPUGFX% Pkg%pc2 Pkg%pc3 Pkg%pc6 Pkg%pc8 Pk%pc10 CPU%LPI SYS%LPI PkgWatt CorWatt GFXWatt RAMWatt PKG_%   RAM_%   UncMHz  Die%c6  SysWatt



  -       -       309     9.40    3283    2995    1.00       14315               0        0       110     58.78   286     58.82   0.34    20.67   12.80   57.26   61.75   31.85   0.00    75      0       75      45.05800     450     99.64   100     450     608.91  99.74   42.31   42.31   0.00    0.00    0.00    0.00    0.00    0.00    0.00    20.64   13.19   1.38    0.00    0.00    0.00    3100    0.00    32.82

0x20    0x10    0       433     11.02   3932    2995    1.32         670               0        0       7       50.07   29      70.56   0.17    8.48    11.05   69.52   80.32   0.00    0.00    70      0       75      45.10800     450     99.76   100     450     609.51  99.84   42.35   42.35   0.00    0.00    0.00    0.00    0.00    0.00    0.00    20.67   13.21   1.38    0.00    0.00    0.00    3100    0.000x20    0x10    5       444     11.52   3852    2995    1.11         908               0        0       9       60.29   22      54.99   0.52    29.66   14.50   44.47   80.320x10    0x8     1       547     13.58   4024    2995    1.22         870               0        0       12      57.13   30      53.96   0.20    30.47   12.69   43.36   74.96   0.00    0.00    75      00x10    0x8     2       607     15.16   4004    2995    0.32         747               0        0       12      63.67   26      49.84   0.00    9.72    26.11   49.09   74.950x18    0xc     3       350     9.79    3580    2995    1.09        1161               0        0       8       59.74   21      54.75   0.27    33.14   34.32   22.91   82.13   0.00    0.00    71      00x18    0xc     4       404     9.99    4047    2995    1.14         457               0        0       10      58.87   26      54.25   0.00    20.15   4.19    65.74   82.130x28    0x14    6       392     10.30   3809    2995    1.09        1037               0        0       8       57.33   20      56.78   0.07    37.11   24.86   27.87   87.18   0.00    0.00    72      00x28    0x14    7       110     3.41    3211    2995    0.47        1587               0        0       2       63.72   5       55.99   0.00    8.78    14.15   73.81   87.180x0     0x0     8       364     13.11   2774    2995    0.86         843               0        0       6       56.60   16      57.95   0.56    30.22   14.96   41.95   72.45   13.75   0.00    63      00x0     0x1     9       225     8.84    2540    2995    0.70        1264               0        0       4       58.98   12      64.41   0.57    35.76   29.57   26.18   87.71   3.13    0.00    63      00x0     0x2     10      315     11.40   2759    2995    0.79        1113               0        0       4       62.52   13      63.02   1.34    34.04   11.70   43.15   74.06   13.91   0.00    62      00x0     0x3     11      334     11.94   2802    2995    0.77         892               0        0       5       51.05   16      62.79   1.20    29.79   11.38   47.15   81.32   6.30    0.00    62      00x8     0x4     12      237     8.68    2728    2995    1.31         396               0        0       4       59.41   11      59.72   0.28    8.84    3.29    79.28   21.95   68.15   0.00    61      00x8     0x5     13      204     7.97    2560    2995    1.26        1113               0        0       3       59.37   11      67.93   0.28    33.47   6.57    52.31   52.88   38.37   0.00    61      00x8     0x6     14      204     7.62    2678    2995    1.50         495               0        0       4       53.03   11      61.60   0.35    8.92    3.17    80.41   32.32   58.95   0.00    61      00x8     0x7     15      251     9.09    2759    2995    1.43         564               0        0       4       60.23   11      63.06   0.26    12.58   1.96    76.45   27.00   62.61   0.00    61      00x40    0x20    16      30      1.28    2357    2995    1.91          13               0        0       2       89.05   2       87.57   0.00    0.00    0.00    98.72   0.00    98.47   0.00    56      00x40    0x21    17      108     4.56    2364    2995    0.30         185               0        0       4       55.37   4       50.74   0.00    1.06    6.02    88.43   12.80   82.02   0.00    56      0Module  Core    CPU     Avg_MHz Busy%   Bzy_MHz TSC_MHz IPC          IRQ             NMI        SMI     LLCMRPS LLC%hit L2MRPS  L2%hit  POLL%   C1E%    C6%     C10%    CPU%c1  CPU%c6  CPU%c7  CoreTmp CoreThr PkgTmp  GFX%rc6      GFXMHz  GFXAMHz SAM%mc6 SAMMHz  SAMAMHz Totl%C0 Any%C0  GFX%C0  CPUGFX% Pkg%pc2 Pkg%pc3 Pkg%pc6 Pkg%pc8 Pk%pc10 CPU%LPI SYS%LPI PkgWatt CorWatt GFXWatt RAMWatt PKG_%   RAM_%   UncMHz  Die%c6  SysWatt



  -       -       227     6.89    3292    2997    0.94       16279               0        0       87      57.16   225     57.35   0.43    19.32   12.01   61.98   62.95   33.59   0.00    56      0       55      50.19800     550     99.98   100     450     579.80  99.94   23.51   23.51   0.00    0.00    0.00    0.00    0.00    0.00    0.00    18.73   11.99   0.95    0.00    0.00    0.00    3100    0.00    30.72

0x20    0x10    0       212     5.94    3573    2995    0.68         683               0        0       5       58.97   12      53.43   0.15    19.91   12.19   62.07   80.79   0.00    0.00    54      0       55      50.11800     550     99.82   100     450     579.20  99.84   23.48   23.48   0.00    0.00    0.00    0.00    0.00    0.00    0.00    18.70   11.97   0.95    0.00    0.00    0.00    3100    0.000x20    0x10    5       537     14.17   3791    2995    1.07        1668               0        0       12      55.71   30      53.74   0.54    41.08   15.76   29.14   80.790x10    0x8     1       248     6.80    3643    2995    0.75        1427               0        0       5       58.53   11      55.31   1.08    28.31   14.11   50.91   83.96   0.00    0.00    56      00x10    0x8     2       401     10.36   3872    2995    0.56        1030               0        0       8       60.87   20      53.05   0.00    4.79    26.55   58.38   83.970x18    0xc     3       578     15.45   3743    2995    1.29        1373               0        0       15      58.84   39      57.13   0.39    37.45   27.71   19.53   82.90   0.00    0.00    55      00x18    0xc     4       66      1.62    4091    2995    0.98         695               0        0       1       38.58   2       44.98   0.00    0.30    0.55    97.54   82.900x28    0x14    6       431     11.47   3752    2995    0.84        1035               0        0       9       55.89   21      53.82   0.65    33.69   22.65   32.33   83.46   0.00    0.00    54      00x28    0x14    7       232     6.31    3674    2995    1.70        1385               0        0       5       58.90   13      55.59   0.00    8.69    8.93    76.20   83.460x0     0x0     8       258     9.31    2775    2995    0.86        1039               0        0       6       51.32   15      58.39   0.90    32.84   12.06   46.08   90.31   0.18    0.00    51      00x0     0x1     9       211     7.58    2778    2995    0.66        1456               0        0       3       59.21   10      66.78   1.36    38.93   19.37   34.46   87.97   4.11    0.00    51      00x0     0x2     10      189     6.80    2776    2995    0.71         710               0        0       3       56.71   10      62.98   0.67    26.97   16.59   49.87   78.40   14.28   0.00    52      00x0     0x3     11      155     5.95    2603    2995    0.88         782               0        0       2       62.02   8       68.05   0.73    28.91   14.81   50.60   74.53   19.01   0.00    52      00x8     0x4     12      135     5.20    2591    2995    0.91        1008               0        0       3       51.26   7       55.71   0.38    13.56   4.70    76.67   34.41   59.28   0.00    54      00x8     0x5     13      129     5.31    2440    2995    0.90         545               0        0       3       49.90   11      69.74   0.22    14.32   12.86   67.70   48.19   44.98   0.00    54      00x8     0x6     14      108     4.21    2569    2995    0.84         409               0        0       2       63.82   6       58.51   0.34    11.65   3.84    80.44   32.87   61.72   0.00    54      00x8     0x7     15      116     4.37    2663    2995    0.98         896               0        0       2       55.11   6       59.86   0.32    6.05    2.99    86.70   23.94   70.58   0.00    54      00x40    0x20    16      61      2.57    2372    2995    0.93          25               0        0       3       62.50   3       57.86   0.00    0.00    0.20    97.24   0.02    97.11   0.00    56      00x40    0x21    17      11      0.48    2219    2995    1.15         113               0        0       0       48.79   0       42.51   0.00    0.04    0.16    99.33   0.05    99.24   0.00    56      0Module  Core    CPU     Avg_MHz Busy%   Bzy_MHz TSC_MHz IPC          IRQ             NMI        SMI     LLCMRPS LLC%hit L2MRPS  L2%hit  POLL%   C1E%    C6%     C10%    CPU%c1  CPU%c6  CPU%c7  CoreTmp CoreThr PkgTmp  GFX%rc6      GFXMHz  GFXAMHz SAM%mc6 SAMMHz  SAMAMHz Totl%C0 Any%C0  GFX%C0  CPUGFX% Pkg%pc2 Pkg%pc3 Pkg%pc6 Pkg%pc8 Pk%pc10 CPU%LPI SYS%LPI PkgWatt CorWatt GFXWatt RAMWatt PKG_%   RAM_%   UncMHz  Die%c6  SysWatt



  -       -       191     6.12    3132    2995    1.11       11223               0        0       74      57.35   219     61.62   0.47    18.53   12.39   63.11   70.94   25.51   0.00    56      0       55      71.80800     550     99.78   100     450     676.12  99.83   13.34   13.34   0.00    0.00    0.00    0.00    0.00    0.00    0.00    17.22   11.20   0.50    0.00    0.00    0.00    3100    0.00    28.17

0x20    0x10    0       367     9.48    3875    2995    1.60         711               0        0       10      59.10   26      53.70   0.03    30.54   13.21   46.87   82.39   0.00    0.00    55      0       55      71.82800     550     99.80   100     450     676.18  99.84   13.34   13.34   0.00    0.00    0.00    0.00    0.00    0.00    0.00    17.22   11.20   0.50    0.00    0.00    0.00    3100    0.000x20    0x10    5       399     10.22   3905    2995    1.32         631               0        0       8       55.83   28      64.30   0.59    28.78   12.19   48.91   82.390x10    0x8     1       234     6.38    3662    2995    1.30         674               0        0       5       51.33   22      70.29   0.04    11.26   20.95   61.49   86.14   0.00    0.00    54      00x10    0x8     2       313     8.19    3816    2995    0.62         372               0        0       8       53.51   20      50.81   0.03    2.59    11.35   77.93   86.140x18    0xc     3       218     6.65    3284    2995    1.11        1004               0        0       6       64.15   14      56.38   0.20    24.82   32.13   36.55   89.93   0.10    0.00    54      00x18    0xc     4       130     3.57    3631    2995    0.69         371               0        0       3       43.66   7       55.74   0.00    1.71    9.87    84.89   89.930x28    0x14    6       248     7.12    3487    2995    0.89         775               0        0       7       60.10   16      55.27   0.10    26.82   25.68   40.50   87.70   0.00    0.00    53      00x28    0x14    7       183     5.14    3561    2995    2.19         878               0        0       4       61.48   12      56.89   0.08    1.86    6.54    86.54   87.690x0     0x0     8       140     5.57    2508    2995    1.12         692               0        0       3       61.16   8       63.78   0.25    21.10   10.39   63.16   74.96   18.88   0.00    51      00x0     0x1     9       179     6.80    2640    2995    0.94         714               0        0       3       65.94   9       67.40   1.17    21.97   11.16   60.30   66.71   25.68   0.00    51      00x0     0x2     10      110     4.75    2325    2995    0.83         870               0        0       2       62.49   7       64.48   0.22    17.69   30.94   46.85   64.33   30.03   0.00    51      00x0     0x3     11      118     4.74    2489    2995    1.02         453               0        0       3       46.22   7       59.06   0.46    12.42   11.15   71.85   60.81   33.73   0.00    51      00x8     0x4     12      231     8.84    2617    2995    0.95         809               0        0       3       59.32   14      78.10   1.49    41.31   6.16    43.99   87.07   3.81    0.00    54      00x8     0x5     13      209     7.91    2649    2995    0.77         738               0        0       3       54.98   10      63.47   1.53    32.50   9.90    49.95   71.31   20.30   0.00    54      00x8     0x6     14      172     6.94    2473    2995    0.80         873               0        0       2       62.80   8       72.26   1.45    32.75   6.30    54.36   91.61   1.26    0.00    54      00x8     0x7     15      146     5.65    2586    2995    1.05         569               0        0       2       63.65   8       67.24   0.77    21.74   4.36    68.45   58.85   35.05   0.00    54      00x40    0x20    16      46      1.96    2325    2995    0.85          77               0        0       3       51.75   3       47.89   0.00    3.64    0.66    93.78   9.00    88.68   0.00    56      00x40    0x21    17      4       0.17    2037    2995    1.15          12               0        0       0       55.25   0       48.19   0.00    0.00    0.16    99.67   0.00    99.63   0.00    56      0Module  Core    CPU     Avg_MHz Busy%   Bzy_MHz TSC_MHz IPC          IRQ             NMI        SMI     LLCMRPS LLC%hit L2MRPS  L2%hit  POLL%   C1E%    C6%     C10%    CPU%c1  CPU%c6  CPU%c7  CoreTmp CoreThr PkgTmp  GFX%rc6      GFXMHz  GFXAMHz SAM%mc6 SAMMHz  SAMAMHz Totl%C0 Any%C0  GFX%C0  CPUGFX% Pkg%pc2 Pkg%pc3 Pkg%pc6 Pkg%pc8 Pk%pc10 CPU%LPI SYS%LPI PkgWatt CorWatt GFXWatt RAMWatt PKG_%   RAM_%   UncMHz  Die%c6  SysWatt



  -       -       182     5.98    3041    2995    1.16        9732               1        0       73      60.37   196     61.29   0.48    18.27   11.32   64.57   65.85   29.06   1.64    56      0       55      95.46800     400     99.83   100     450     620.56  99.81   1.49    1.49    0.00    0.00    0.00    0.00    0.00    0.00    0.00    15.75   10.55   0.06    0.00    0.00    0.00    3100    0.00    25.40

0x20    0x10    0       241     6.97    3454    2995    1.10        1206               0        0       6       59.75   15      57.94   0.03    20.17   47.60   25.41   84.41   0.00    0.00    54      0       55      95.49800     400     99.87   100     450     620.74  99.84   1.49    1.49    0.00    0.00    0.00    0.00    0.00    0.00    0.00    15.76   10.55   0.06    0.00    0.00    0.00    3100    0.000x20    0x10    5       326     8.87    3679    2995    1.29         891               0        0       9       59.75   22      56.81   0.42    28.70   25.36   37.20   84.410x10    0x8     1       225     6.71    3354    2995    0.88        1005               0        0       6       59.99   15      54.44   0.13    16.99   33.53   42.90   84.66   0.58    4.57    54      00x10    0x8     2       131     3.49    3762    2995    0.29         141               0        0       4       49.42   8       44.97   0.00    2.01    5.43    89.10   84.620x18    0xc     3       344     9.33    3685    2995    1.40         765               0        0       7       48.77   25      65.60   0.12    33.59   18.11   39.10   85.98   0.23    3.46    55      00x18    0xc     4       24      0.68    3470    2995    0.47          80               0        0       1       63.28   1       49.85   0.00    1.86    0.25    97.22   85.970x28    0x14    6       171     4.92    3482    2995    0.98         539               0        0       5       61.51   12      53.96   0.26    21.51   14.90   58.78   74.14   1.50    14.93   55      00x28    0x14    7       170     4.38    3877    2995    2.50         329               0        0       4       55.65   12      56.98   0.02    0.89    3.66    91.11   74.140x0     0x0     8       189     6.97    2707    2995    1.24         481               0        0       4       59.79   11      60.91   0.34    19.88   9.12    64.18   46.86   45.05   0.00    52      00x0     0x1     9       211     7.82    2696    2995    1.05         631               0        0       5       56.30   15      62.46   0.04    20.93   10.85   60.61   64.64   26.54   0.00    51      00x0     0x2     10      213     7.65    2780    2995    0.95         427               0        0       4       62.85   10      59.52   1.42    23.93   6.32    62.27   59.90   31.53   0.00    51      00x0     0x3     11      183     6.59    2777    2995    1.50         174               0        0       4       61.88   11      58.34   0.19    6.01    2.40    85.07   18.30   73.79   0.00    51      00x8     0x4     12      209     8.01    2603    2995    0.94         955               0        0       2       62.68   10      72.14   1.68    44.22   4.67    43.45   82.94   8.71    0.00    54      00x8     0x5     13      190     7.02    2707    2995    1.06         614               0        0       2       57.96   8       68.78   1.77    24.06   7.07    62.10   83.97   8.69    0.00    54      00x8     0x6     14      149     6.32    2353    2995    0.95         900               1        0       2       62.77   7       76.73   0.72    36.58   7.29    50.20   93.49   0.00    0.00    54      00x8     0x7     15      131     5.10    2571    2995    0.65         517               0        0       1       62.75   6       73.44   1.43    22.78   5.59    66.78   70.92   23.56   0.00    54      00x40    0x20    16      159     6.41    2481    2995    1.31          48               0        0       8       78.54   8       75.97   0.00    2.03    0.69    90.87   2.03    91.31   0.00    56      00x40    0x21    17      8       0.36    2253    2995    0.84          29               0        0       0       76.29   0       71.42   0.00    2.66    0.96    96.03   4.00    95.38   0.00    56      0Module  Core    CPU     Avg_MHz Busy%   Bzy_MHz TSC_MHz IPC          IRQ             NMI        SMI     LLCMRPS LLC%hit L2MRPS  L2%hit  POLL%   C1E%    C6%     C10%    CPU%c1  CPU%c6  CPU%c7  CoreTmp CoreThr PkgTmp  GFX%rc6      GFXMHz  GFXAMHz SAM%mc6 SAMMHz  SAMAMHz Totl%C0 Any%C0  GFX%C0  CPUGFX% Pkg%pc2 Pkg%pc3 Pkg%pc6 Pkg%pc8 Pk%pc10 CPU%LPI SYS%LPI PkgWatt CorWatt GFXWatt RAMWatt PKG_%   RAM_%   UncMHz  Die%c6  SysWatt



  -       -       155     4.88    3164    2995    1.16        9107               0        0       57      59.64   163     60.90   0.57    16.98   9.76    68.51   61.49   38.68   0.49    55      0       55      97.68800     600     99.87   100     450     476.77  99.87   1.01    1.01    0.00    0.00    0.00    0.00    0.00    0.00    0.00    15.00   10.08   0.04    0.00    0.00    0.00    3100    0.00    24.38

0x20    0x10    0       294     8.04    3661    2995    1.16         806               0        0       5       58.29   21      70.97   1.29    23.20   22.81   46.12   85.16   0.00    0.00    54      0       55      97.66800     600     99.85   100     450     476.64  99.84   1.01    1.01    0.00    0.00    0.00    0.00    0.00    0.00    0.00    15.00   10.08   0.04    0.00    0.00    0.00    3100    0.000x20    0x10    5       257     7.40    3477    2995    0.83         974               0        0       6       53.77   16      59.50   0.60    24.26   23.12   45.35   85.160x10    0x8     1       283     7.72    3661    2995    1.20         780               0        0       8       62.14   20      52.26   0.43    33.31   10.46   48.65   84.02   0.17    6.92    54      00x10    0x8     2       39      0.98    3948    2995    0.16          32               0        0       1       35.45   2       46.05   0.00    0.00    0.48    98.55   84.050x18    0xc     3       238     6.83    3491    2995    0.89        1216               0        0       5       57.40   13      58.06   1.00    40.07   24.76   28.52   92.32   0.00    0.00    54      00x18    0xc     4       14      0.44    3277    2995    0.28          54               0        0       0       49.72   1       52.25   0.00    0.15    1.09    98.35   92.320x28    0x14    6       222     6.41    3471    2995    0.94        1296               0        0       3       60.54   10      64.47   1.16    33.72   42.13   17.95   89.39   0.00    0.00    54      00x28    0x14    7       165     4.10    4027    2995    2.62         186               0        0       3       52.26   11      59.23   0.17    0.57    1.56    93.79   89.390x0     0x0     8       163     6.21    2625    2995    1.15         561               0        0       3       64.48   9       60.96   0.73    18.83   12.66   62.53   70.49   22.44   0.00    51      00x0     0x1     9       158     6.05    2613    2995    0.92         901               0        0       3       51.60   9       65.96   0.68    36.23   8.76    49.28   74.43   18.80   0.00    51      00x0     0x2     10      163     5.90    2762    2995    1.20         484               0        0       3       62.84   9       61.48   0.75    21.93   12.30   60.09   56.56   36.47   0.00    51      00x0     0x3     11      128     4.34    2953    2995    1.07         247               0        0       3       70.83   7       57.37   0.37    5.94    1.78    88.02   21.04   73.59   0.00    51      00x8     0x4     12      167     5.91    2826    2995    0.58         406               0        0       2       63.42   7       62.32   1.89    18.16   2.91    73.18   66.47   27.01   0.00    53      00x8     0x5     13      125     4.77    2631    2995    1.30         353               0        0       2       66.75   8       62.89   0.28    9.63    4.21    81.54   31.72   62.07   0.00    53      00x8     0x6     14      195     6.75    2893    2995    1.25         423               0        0       4       62.76   11      58.88   0.62    23.17   3.15    67.08   49.51   42.94   0.00    53      00x8     0x7     15      163     5.79    2819    2995    1.72         380               0        0       3       63.26   9       63.22   0.26    16.38   3.30    74.65   34.69   58.67   0.00    53      00x40    0x20    16      1       0.06    1422    2995    0.37           3               0        0       0       58.40   0       46.41   0.00    0.00    0.00    99.95   0.00    99.76   0.00    55      00x40    0x21    17      4       0.20    1918    2995    1.05           5               0        0       0       47.55   0       37.67   0.00    0.03    0.13    99.65   0.04    99.56   0.00    55      0^CModule        Core    CPU     Avg_MHz Busy%   Bzy_MHz TSC_MHz IPC          IRQ             NMI        SMI     LLCMRPS LLC%hit L2MRPS  L2%hit  POLL%   C1E%    C6%     C10%    CPU%c1  CPU%c6  CPU%c7  CoreTmp CoreThr PkgTmp       GFX%rc6 GFXMHz  GFXAMHz SAM%mc6 SAMMHz  SAMAMHz Totl%C0 Any%C0  GFX%C0  CPUGFX% Pkg%pc2 Pkg%pc3 Pkg%pc6 Pkg%pc8 Pk%pc10 CPU%LPI SYS%LPI PkgWatt CorWatt GFXWatt RAMWatt PKG_%   RAM_%   UncMHz  Die%c6  SysWatt



  -       -       150     4.70    3188    2996    1.20        6969               0        0       58      62.50   171     60.24   0.44    18.58   9.60    67.28   57.94   36.61   3.78    56      0       56      97.97800     550     99.73   100     450     509.84  99.84   0.81    0.81    0.00    0.00    0.00    0.00    0.00    0.00    0.00    14.23   9.24    0.02    0.00    0.00    0.00    3100    0.00    23.43

0x20    0x10    0       173     4.82    3594    2995    1.64         328               0        0       4       62.89   11      60.74   0.22    6.39    10.60   78.26   88.72   0.22    1.47    56      0       56      97.95800     550     99.71   100     450     509.84  99.84   0.81    0.81    0.00    0.00    0.00    0.00    0.00    0.00    0.00    14.22   9.24    0.02    0.00    0.00    0.00    3100    0.000x20    0x10    5       193     5.78    3345    2995    0.84         650               0        0       5       59.58   11      54.92   0.21    12.23   31.80   50.30   88.720x10    0x8     1       253     7.00    3612    2995    1.85         440               0        0       8       69.38   19      50.02   0.05    12.87   12.46   67.77   46.39   6.16    39.25   54      00x10    0x8     2       37      0.94    3889    2995    0.19          51               0        0       1       29.02   3       41.70   0.00    0.12    0.63    98.32   46.390x18    0xc     3       288     7.46    3866    2995    1.86         349               0        0       7       53.13   26      65.43   0.22    24.71   8.67    59.25   77.65   0.73    12.26   56      00x18    0xc     4       63      1.72    3635    2995    0.50         237               0        0       1       67.32   2       66.83   0.52    27.71   2.77    67.88   77.640x28    0x14    6       311     8.09    3845    2995    1.45         486               0        0       10      60.05   24      53.02   0.04    32.80   14.87   44.33   87.72   0.00    0.00    56      00x28    0x14    7       169     4.16    4051    2995    2.28         157               0        0       4       63.05   10      57.33   0.51    2.34    1.17    92.35   87.720x0     0x0     8       202     7.43    2722    2995    0.66         727               0        0       3       63.17   10      69.53   0.91    29.81   27.39   35.67   88.25   3.96    0.00    52      00x0     0x1     9       252     8.77    2878    2995    0.53         757               0        0       3       65.54   11      71.43   2.43    43.37   19.80   28.45   91.04   0.00    0.00    52      00x0     0x2     10      124     5.12    2420    2995    0.76         861               0        0       1       69.19   7       78.99   0.58    47.47   19.73   28.07   93.23   1.38    0.00    52      00x0     0x3     11      190     7.03    2711    2995    0.70        1033               0        0       2       68.29   9       79.10   1.53    65.08   10.68   17.72   92.42   0.33    0.00    52      00x8     0x4     12      70      2.79    2500    2995    0.59         334               0        0       2       72.13   5       54.93   0.14    10.78   5.62    80.95   33.97   61.66   0.00    53      00x8     0x5     13      124     4.36    2850    2995    1.02         127               0        0       3       58.95   7       53.90   0.03    5.03    2.03    88.64   13.00   81.20   0.00    53      00x8     0x6     14      119     4.44    2678    2995    0.76         247               0        0       3       74.41   7       56.16   0.62    10.48   2.80    82.43   22.26   71.44   0.00    53      00x8     0x7     15      111     3.86    2886    2995    1.38         127               0        0       3       73.36   8       54.53   0.00    2.73    0.75    92.72   6.50    88.10   0.00    54      00x40    0x20    16      13      0.60    2149    2995    0.29          51               0        0       1       38.23   1       30.45   0.00    0.36    0.86    98.23   1.06    97.96   0.00    56      00x40    0x21    17      5       0.25    1987    2995    1.12           7               0        0       0       48.31   0       41.01   0.00    0.14    0.08    99.53   0.14    99.42   0.00    56      0
